1_accelerated.csv,2022-01-01T00:00:03.400719-08:00,membership,157.045
1_accelerated.csv,2022-01-01T00:00:03.539861-08:00,membership,136.339
1_accelerated.csv,2022-01-01T00:00:03.682731-08:00,membership,139.08
1_accelerated.csv,2022-01-01T00:00:03.862573-08:00,appendEntries,0.16877388954162598
1_accelerated.csv,2022-01-01T00:00:03.946074-08:00,appendEntries,0.25261807441711426
1_accelerated.csv,2022-01-01T00:00:04.014290-08:00,appendEntries,0.31800389289855957
1_accelerated.csv,2022-01-01T00:00:04.053984-08:00,appendEntries,0.35977792739868164
1_accelerated.csv,2022-01-01T00:00:04.054303-08:00,appendEntries,0.3594331741333008
1_accelerated.csv,2022-01-01T00:00:04.055099-08:00,appendEntries,0.35933804512023926
1_accelerated.csv,2022-01-01T00:00:04.055217-08:00,appendEntries,0.3597218990325928
1_accelerated.csv,2022-01-01T00:00:04.055409-08:00,appendEntries,0.36146998405456543
1_accelerated.csv,2022-01-01T00:00:04.055503-08:00,appendEntries,0.3622398376464844
1_accelerated.csv,2022-01-01T00:00:04.056119-08:00,appendEntries,0.358828067779541
1_accelerated.csv,2022-01-01T00:00:04.056207-08:00,appendEntries,0.361738920211792
1_accelerated.csv,2022-01-01T00:00:04.056286-08:00,appendEntries,0.36013221740722656
1_accelerated.csv,2022-01-01T00:00:04.056360-08:00,appendEntries,0.35993099212646484
1_accelerated.csv,2022-01-01T00:00:04.056806-08:00,appendEntries,0.361799955368042
1_accelerated.csv,2022-01-01T00:00:04.057819-08:00,appendEntries,0.36219120025634766
1_accelerated.csv,2022-01-01T00:00:04.058181-08:00,appendEntries,0.3641090393066406
1_accelerated.csv,2022-01-01T00:00:04.058583-08:00,appendEntries,0.36493396759033203
1_accelerated.csv,2022-01-01T00:00:04.058868-08:00,appendEntries,0.3603091239929199
1_accelerated.csv,2022-01-01T00:00:04.059268-08:00,appendEntries,0.36398792266845703
1_accelerated.csv,2022-01-01T00:00:04.059647-08:00,appendEntries,0.3649141788482666
1_accelerated.csv,2022-01-01T00:00:04.059977-08:00,appendEntries,0.36153602600097656
1_accelerated.csv,2022-01-01T00:00:04.060261-08:00,appendEntries,0.3673839569091797
1_accelerated.csv,2022-01-01T00:00:04.060618-08:00,appendEntries,0.3660149574279785
1_accelerated.csv,2022-01-01T00:00:04.061034-08:00,appendEntries,0.36347293853759766
1_accelerated.csv,2022-01-01T00:00:04.061322-08:00,appendEntries,0.3647632598876953
1_accelerated.csv,2022-01-01T00:00:04.061650-08:00,appendEntries,0.3657541275024414
1_accelerated.csv,2022-01-01T00:00:04.061965-08:00,appendEntries,0.3668200969696045
1_accelerated.csv,2022-01-01T00:00:04.062350-08:00,appendEntries,0.3627800941467285
1_accelerated.csv,2022-01-01T00:00:04.062755-08:00,appendEntries,0.36841893196105957
1_accelerated.csv,2022-01-01T00:00:04.063276-08:00,appendEntries,0.36533403396606445
1_accelerated.csv,2022-01-01T00:00:04.063643-08:00,appendEntries,0.3668191432952881
1_accelerated.csv,2022-01-01T00:00:04.063966-08:00,appendEntries,0.36451196670532227
1_accelerated.csv,2022-01-01T00:00:04.064236-08:00,appendEntries,0.36534786224365234
1_accelerated.csv,2022-01-01T00:00:04.064488-08:00,appendEntries,0.3651401996612549
1_accelerated.csv,2022-01-01T00:00:04.064742-08:00,appendEntries,0.3687171936035156
1_accelerated.csv,2022-01-01T00:00:04.065125-08:00,appendEntries,0.36769986152648926
1_accelerated.csv,2022-01-01T00:00:04.065425-08:00,appendEntries,0.364185094833374
1_accelerated.csv,2022-01-01T00:00:04.065731-08:00,appendEntries,0.369035005569458
1_accelerated.csv,2022-01-01T00:00:04.066106-08:00,appendEntries,0.368945837020874
1_accelerated.csv,2022-01-01T00:00:04.066436-08:00,appendEntries,0.36624598503112793
1_accelerated.csv,2022-01-01T00:00:04.067225-08:00,appendEntries,0.3654189109802246
1_accelerated.csv,2022-01-01T00:00:04.067527-08:00,appendEntries,0.37050414085388184
1_accelerated.csv,2022-01-01T00:00:04.067829-08:00,appendEntries,0.36966586112976074
1_accelerated.csv,2022-01-01T00:00:04.068134-08:00,appendEntries,0.36912012100219727
1_accelerated.csv,2022-01-01T00:00:04.068373-08:00,appendEntries,0.3691370487213135
1_accelerated.csv,2022-01-01T00:00:04.068661-08:00,appendEntries,0.37038469314575195
1_accelerated.csv,2022-01-01T00:00:04.068980-08:00,appendEntries,0.3690190315246582
1_accelerated.csv,2022-01-01T00:00:04.069280-08:00,appendEntries,0.370499849319458
1_accelerated.csv,2022-01-01T00:00:04.072258-08:00,appendEntries,0.3742070198059082
1_accelerated.csv,2022-01-01T00:00:04.091907-08:00,appendEntries,0.39421701431274414
1_accelerated.csv,2022-01-01T00:00:04.092375-08:00,appendEntries,0.39124512672424316
1_accelerated.csv,2022-01-01T00:00:04.092801-08:00,appendEntries,0.39497876167297363
1_accelerated.csv,2022-01-01T00:00:04.093089-08:00,appendEntries,0.39441800117492676
1_accelerated.csv,2022-01-01T00:00:04.093429-08:00,appendEntries,0.39173293113708496
1_accelerated.csv,2022-01-01T00:00:04.093719-08:00,appendEntries,0.39052605628967285
1_accelerated.csv,2022-01-01T00:00:04.094091-08:00,appendEntries,0.39357805252075195
1_accelerated.csv,2022-01-01T00:00:04.102422-08:00,appendEntries,0.40268373489379883
1_accelerated.csv,2022-01-01T00:00:04.102730-08:00,appendEntries,0.3994278907775879
1_accelerated.csv,2022-01-01T00:00:04.103072-08:00,appendEntries,0.4020528793334961
1_accelerated.csv,2022-01-01T00:00:04.105645-08:00,appendEntries,0.4036109447479248
1_accelerated.csv,2022-01-01T00:00:04.106034-08:00,appendEntries,0.40529298782348633
1_accelerated.csv,2022-01-01T00:00:04.106307-08:00,appendEntries,0.40256214141845703
1_accelerated.csv,2022-01-01T00:00:04.106598-08:00,appendEntries,0.4030752182006836
1_accelerated.csv,2022-01-01T00:00:04.113496-08:00,appendEntries,0.4106619358062744
1_accelerated.csv,2022-01-01T00:00:04.114494-08:00,appendEntries,0.41536831855773926
1_accelerated.csv,2022-01-01T00:00:04.114862-08:00,appendEntries,0.4114499092102051
1_accelerated.csv,2022-01-01T00:00:04.114976-08:00,appendEntries,0.4120209217071533
1_accelerated.csv,2022-01-01T00:00:04.116799-08:00,appendEntries,0.4167213439941406
1_accelerated.csv,2022-01-01T00:00:04.119316-08:00,appendEntries,0.417957067489624
1_accelerated.csv,2022-01-01T00:00:04.120638-08:00,appendEntries,0.4164419174194336
1_accelerated.csv,2022-01-01T00:00:04.122341-08:00,appendEntries,0.41765809059143066
1_accelerated.csv,2022-01-01T00:00:04.124820-08:00,appendEntries,0.4233520030975342
1_accelerated.csv,2022-01-01T00:00:04.125204-08:00,appendEntries,0.4253549575805664
1_accelerated.csv,2022-01-01T00:00:04.129904-08:00,appendEntries,0.42960691452026367
1_accelerated.csv,2022-01-01T00:00:04.130398-08:00,appendEntries,0.42460107803344727
1_accelerated.csv,2022-01-01T00:00:04.130745-08:00,appendEntries,0.4303419589996338
1_accelerated.csv,2022-01-01T00:00:04.131001-08:00,appendEntries,0.4301009178161621
1_accelerated.csv,2022-01-01T00:00:04.133611-08:00,appendEntries,0.43298888206481934
1_accelerated.csv,2022-01-01T00:00:04.134149-08:00,appendEntries,0.4298560619354248
1_accelerated.csv,2022-01-01T00:00:04.134267-08:00,appendEntries,0.42988014221191406
1_accelerated.csv,2022-01-01T00:00:04.136759-08:00,appendEntries,0.43517374992370605
1_accelerated.csv,2022-01-01T00:00:04.149389-08:00,appendEntries,0.44387292861938477
1_accelerated.csv,2022-01-01T00:00:04.180130-08:00,appendEntries,0.4745171070098877
1_accelerated.csv,2022-01-01T00:00:04.205117-08:00,appendEntries,0.4998960494995117
1_accelerated.csv,2022-01-01T00:00:04.265699-08:00,appendEntries,0.5620617866516113
1_accelerated.csv,2022-01-01T00:00:04.290935-08:00,appendEntries,0.5878589153289795
1_accelerated.csv,2022-01-01T00:00:04.291496-08:00,appendEntries,0.587515115737915
1_accelerated.csv,2022-01-01T00:00:04.292444-08:00,appendEntries,0.5870277881622314
1_accelerated.csv,2022-01-01T00:00:04.299730-08:00,appendEntries,0.5949511528015137
1_accelerated.csv,2022-01-01T00:00:04.324227-08:00,appendEntries,0.6223049163818359
1_accelerated.csv,2022-01-01T00:00:04.347068-08:00,appendEntries,0.6421880722045898
1_accelerated.csv,2022-01-01T00:00:04.349901-08:00,appendEntries,0.6471929550170898
1_accelerated.csv,2022-01-01T00:00:04.363635-08:00,appendEntries,0.6591541767120361
1_accelerated.csv,2022-01-01T00:00:04.379031-08:00,appendEntries,0.6751878261566162
1_accelerated.csv,2022-01-01T00:00:04.390670-08:00,appendEntries,0.6855602264404297
1_accelerated.csv,2022-01-01T00:00:04.396949-08:00,appendEntries,0.6928586959838867
1_accelerated.csv,2022-01-01T00:00:04.399767-08:00,appendEntries,0.6951808929443359
1_accelerated.csv,2022-01-01T00:00:04.400515-08:00,appendEntries,0.6955368518829346
1_accelerated.csv,2022-01-01T00:00:04.400882-08:00,appendEntries,0.6955640316009521
1_accelerated.csv,2022-01-01T00:00:04.401170-08:00,appendEntries,0.6954669952392578
1_accelerated.csv,2022-01-01T00:00:04.401831-08:00,appendEntries,0.6959371566772461
1_accelerated.csv,2022-01-01T00:00:04.419928-08:00,appendEntries,0.713951826095581
1_accelerated.csv,2022-01-01T00:00:04.485805-08:00,appendEntries,0.7797398567199707
1_accelerated.csv,2022-01-01T00:00:04.573048-08:00,appendEntries,0.8669021129608154
1_accelerated.csv,2022-01-01T00:00:04.583533-08:00,appendEntries,0.8773097991943359
1_accelerated.csv,2022-01-01T00:00:04.598167-08:00,appendEntries,0.8918118476867676
1_accelerated.csv,2022-01-01T00:00:04.625234-08:00,appendEntries,0.9187970161437988
1_accelerated.csv,2022-01-01T00:00:04.630685-08:00,appendEntries,0.9241652488708496
1_accelerated.csv,2022-01-01T00:00:04.638840-08:00,appendEntries,0.9322350025177002
1_accelerated.csv,2022-01-01T00:00:04.639358-08:00,appendEntries,0.9326751232147217
1_accelerated.csv,2022-01-01T00:00:04.639669-08:00,appendEntries,0.9329018592834473
1_accelerated.csv,2022-01-01T00:00:04.642973-08:00,appendEntries,0.9361190795898438
1_accelerated.csv,2022-01-01T00:00:04.643866-08:00,appendEntries,0.9369320869445801
1_accelerated.csv,2022-01-01T00:00:04.643993-08:00,appendEntries,0.9369831085205078
1_accelerated.csv,2022-01-01T00:00:04.644431-08:00,appendEntries,0.9373359680175781
1_accelerated.csv,2022-01-01T00:00:04.644783-08:00,appendEntries,0.9376101493835449
1_accelerated.csv,2022-01-01T00:00:04.649701-08:00,appendEntries,0.9424498081207275
1_accelerated.csv,2022-01-01T00:00:04.649822-08:00,appendEntries,0.9424920082092285
1_accelerated.csv,2022-01-01T00:00:04.650323-08:00,appendEntries,0.9429142475128174
1_accelerated.csv,2022-01-01T00:00:04.650604-08:00,appendEntries,0.9431099891662598
1_accelerated.csv,2022-01-01T00:00:04.650876-08:00,appendEntries,0.9433000087738037
1_accelerated.csv,2022-01-01T00:00:04.655554-08:00,appendEntries,0.9478957653045654
1_accelerated.csv,2022-01-01T00:00:04.664379-08:00,appendEntries,0.9565958976745605
1_accelerated.csv,2022-01-01T00:00:04.667230-08:00,appendEntries,0.9593572616577148
1_accelerated.csv,2022-01-01T00:00:04.670768-08:00,appendEntries,0.9628140926361084
1_accelerated.csv,2022-01-01T00:00:04.671677-08:00,appendEntries,0.96364426612854
1_accelerated.csv,2022-01-01T00:00:04.672140-08:00,appendEntries,0.964026927947998
1_accelerated.csv,2022-01-01T00:00:04.672434-08:00,appendEntries,0.9642429351806641
1_accelerated.csv,2022-01-01T00:00:04.679331-08:00,appendEntries,0.9710559844970703
1_accelerated.csv,2022-01-01T00:00:04.681890-08:00,appendEntries,0.9735369682312012
1_accelerated.csv,2022-01-01T00:00:04.692601-08:00,appendEntries,0.9841699600219727
1_accelerated.csv,2022-01-01T00:00:04.692727-08:00,appendEntries,0.984220027923584
1_accelerated.csv,2022-01-01T00:00:04.692821-08:00,appendEntries,0.9842350482940674
1_accelerated.csv,2022-01-01T00:00:04.692908-08:00,appendEntries,0.9842360019683838
1_accelerated.csv,2022-01-01T00:00:04.700371-08:00,appendEntries,0.9916181564331055
1_accelerated.csv,2022-01-01T00:00:04.703300-08:00,appendEntries,0.9944689273834229
1_accelerated.csv,2022-01-01T00:00:04.703806-08:00,appendEntries,0.9948952198028564
1_accelerated.csv,2022-01-01T00:00:04.713467-08:00,appendEntries,1.0044777393341064
1_accelerated.csv,2022-01-01T00:00:04.718197-08:00,appendEntries,1.009131908416748
1_accelerated.csv,2022-01-01T00:00:04.718886-08:00,appendEntries,1.0097012519836426
1_accelerated.csv,2022-01-01T00:00:04.728728-08:00,appendEntries,1.0194599628448486
1_accelerated.csv,2022-01-01T00:00:04.733545-08:00,appendEntries,1.024200201034546
1_accelerated.csv,2022-01-01T00:00:04.740277-08:00,appendEntries,1.0308561325073242
1_accelerated.csv,2022-01-01T00:00:04.740734-08:00,appendEntries,1.031236171722412
1_accelerated.csv,2022-01-01T00:00:04.747323-08:00,appendEntries,1.037748098373413
1_accelerated.csv,2022-01-01T00:00:04.749907-08:00,appendEntries,1.0402569770812988
1_accelerated.csv,2022-01-01T00:00:04.750298-08:00,appendEntries,1.0405709743499756
1_accelerated.csv,2022-01-01T00:00:04.753159-08:00,appendEntries,1.0433571338653564
1_accelerated.csv,2022-01-01T00:00:04.754625-08:00,appendEntries,1.0447418689727783
1_accelerated.csv,2022-01-01T00:00:04.757367-08:00,appendEntries,1.0474047660827637
1_accelerated.csv,2022-01-01T00:00:04.757943-08:00,appendEntries,1.0479071140289307
1_accelerated.csv,2022-01-01T00:00:04.758384-08:00,appendEntries,1.0482721328735352
1_accelerated.csv,2022-01-01T00:00:04.758767-08:00,appendEntries,1.048576831817627
1_accelerated.csv,2022-01-01T00:00:04.759177-08:00,appendEntries,1.0489099025726318
1_accelerated.csv,2022-01-01T00:00:04.760829-08:00,appendEntries,1.0504870414733887
1_accelerated.csv,2022-01-01T00:00:04.761943-08:00,appendEntries,1.0515210628509521
1_accelerated.csv,2022-01-01T00:00:04.762079-08:00,appendEntries,1.0515329837799072
1_accelerated.csv,2022-01-01T00:00:04.762165-08:00,appendEntries,1.0515358448028564
1_accelerated.csv,2022-01-01T00:00:04.762666-08:00,appendEntries,1.0519518852233887
1_accelerated.csv,2022-01-01T00:00:04.762757-08:00,appendEntries,1.0519559383392334
1_accelerated.csv,2022-01-01T00:00:04.763133-08:00,appendEntries,1.0522480010986328
1_accelerated.csv,2022-01-01T00:00:04.763226-08:00,appendEntries,1.0522570610046387
1_accelerated.csv,2022-01-01T00:00:04.763562-08:00,appendEntries,1.0525150299072266
1_accelerated.csv,2022-01-01T00:00:04.763639-08:00,appendEntries,1.0525131225585938
1_accelerated.csv,2022-01-01T00:00:04.763943-08:00,appendEntries,1.0527400970458984
1_accelerated.csv,2022-01-01T00:00:04.766208-08:00,appendEntries,1.054926872253418
1_accelerated.csv,2022-01-01T00:00:04.766601-08:00,appendEntries,1.0552411079406738
1_accelerated.csv,2022-01-01T00:00:04.766969-08:00,appendEntries,1.0555319786071777
1_accelerated.csv,2022-01-01T00:00:04.767255-08:00,appendEntries,1.0557410717010498
1_accelerated.csv,2022-01-01T00:00:04.767656-08:00,appendEntries,1.056062936782837
1_accelerated.csv,2022-01-01T00:00:04.768006-08:00,appendEntries,1.0563371181488037
1_accelerated.csv,2022-01-01T00:00:04.768470-08:00,appendEntries,1.0567338466644287
1_accelerated.csv,2022-01-01T00:00:04.769362-08:00,appendEntries,1.0575580596923828
1_accelerated.csv,2022-01-01T00:00:04.769911-08:00,appendEntries,1.057992935180664
1_accelerated.csv,2022-01-01T00:00:04.770246-08:00,appendEntries,1.0582571029663086
1_accelerated.csv,2022-01-01T00:00:04.771033-08:00,appendEntries,1.058974027633667
1_accelerated.csv,2022-01-01T00:00:04.771359-08:00,appendEntries,1.0592319965362549
1_accelerated.csv,2022-01-01T00:00:04.774515-08:00,appendEntries,1.062319278717041
1_accelerated.csv,2022-01-01T00:00:04.774856-08:00,appendEntries,1.0625920295715332
1_accelerated.csv,2022-01-01T00:00:04.776371-08:00,appendEntries,1.064033031463623
1_accelerated.csv,2022-01-01T00:00:04.777030-08:00,appendEntries,1.064626932144165
1_accelerated.csv,2022-01-01T00:00:04.777392-08:00,appendEntries,1.0649168491363525
1_accelerated.csv,2022-01-01T00:00:04.777682-08:00,appendEntries,1.065140962600708
1_accelerated.csv,2022-01-01T00:00:04.778101-08:00,appendEntries,1.0654919147491455
1_accelerated.csv,2022-01-01T00:00:04.778738-08:00,appendEntries,1.0660600662231445
1_accelerated.csv,2022-01-01T00:00:04.780103-08:00,appendEntries,1.0673539638519287
1_accelerated.csv,2022-01-01T00:00:04.780689-08:00,appendEntries,1.067870855331421
1_accelerated.csv,2022-01-01T00:00:04.781065-08:00,appendEntries,1.0681750774383545
1_accelerated.csv,2022-01-01T00:00:04.784354-08:00,appendEntries,1.0713942050933838
1_accelerated.csv,2022-01-01T00:00:04.794416-08:00,appendEntries,1.081387996673584
1_accelerated.csv,2022-01-01T00:00:04.804215-08:00,appendEntries,1.0910768508911133
1_accelerated.csv,2022-01-01T00:00:04.804362-08:00,appendEntries,1.0911531448364258
1_accelerated.csv,2022-01-01T00:00:04.808296-08:00,appendEntries,1.094243049621582
1_accelerated.csv,2022-01-01T00:00:04.810989-08:00,appendEntries,1.0968677997589111
1_accelerated.csv,2022-01-01T00:00:04.811854-08:00,appendEntries,1.098573923110962
1_accelerated.csv,2022-01-01T00:00:04.816008-08:00,appendEntries,1.1026582717895508
1_accelerated.csv,2022-01-01T00:00:04.821420-08:00,appendEntries,1.1080007553100586
1_accelerated.csv,2022-01-01T00:00:04.824909-08:00,appendEntries,1.111419916152954
1_accelerated.csv,2022-01-01T00:00:04.836040-08:00,appendEntries,1.1224839687347412
1_accelerated.csv,2022-01-01T00:00:04.836553-08:00,appendEntries,1.122925043106079
1_accelerated.csv,2022-01-01T00:00:04.837301-08:00,appendEntries,1.1235988140106201
1_accelerated.csv,2022-01-01T00:00:04.837765-08:00,appendEntries,1.123995065689087
1_accelerated.csv,2022-01-01T00:00:04.838182-08:00,appendEntries,1.1243388652801514
1_accelerated.csv,2022-01-01T00:00:04.839482-08:00,appendEntries,1.1185510158538818
1_accelerated.csv,2022-01-01T00:00:04.840111-08:00,appendEntries,1.1192450523376465
1_accelerated.csv,2022-01-01T00:00:04.853160-08:00,appendEntries,1.1392459869384766
1_accelerated.csv,2022-01-01T00:00:04.862959-08:00,appendEntries,1.148974895477295
1_accelerated.csv,2022-01-01T00:00:04.865564-08:00,appendEntries,1.144071340560913
1_accelerated.csv,2022-01-01T00:00:04.866616-08:00,appendEntries,1.152428150177002
1_accelerated.csv,2022-01-01T00:00:04.867763-08:00,appendEntries,1.1531779766082764
1_accelerated.csv,2022-01-01T00:00:04.868006-08:00,appendEntries,1.153637170791626
1_accelerated.csv,2022-01-01T00:00:04.868399-08:00,appendEntries,1.154141902923584
1_accelerated.csv,2022-01-01T00:00:04.868619-08:00,appendEntries,1.1541788578033447
1_accelerated.csv,2022-01-01T00:00:04.868894-08:00,appendEntries,1.1543829441070557
1_accelerated.csv,2022-01-01T00:00:04.870844-08:00,appendEntries,1.1561212539672852
1_accelerated.csv,2022-01-01T00:00:04.870955-08:00,appendEntries,1.1561620235443115
1_accelerated.csv,2022-01-01T00:00:04.871047-08:00,appendEntries,1.156048059463501
1_accelerated.csv,2022-01-01T00:00:04.871138-08:00,appendEntries,1.156275987625122
1_accelerated.csv,2022-01-01T00:00:04.871221-08:00,appendEntries,1.1565678119659424
1_accelerated.csv,2022-01-01T00:00:04.871298-08:00,appendEntries,1.1563689708709717
1_accelerated.csv,2022-01-01T00:00:04.871378-08:00,appendEntries,1.1561100482940674
1_accelerated.csv,2022-01-01T00:00:04.871456-08:00,appendEntries,1.156322717666626
1_accelerated.csv,2022-01-01T00:00:04.871537-08:00,appendEntries,1.1564710140228271
1_accelerated.csv,2022-01-01T00:00:04.871609-08:00,appendEntries,1.156407117843628
1_accelerated.csv,2022-01-01T00:00:04.873083-08:00,appendEntries,1.1569302082061768
1_accelerated.csv,2022-01-01T00:00:04.873166-08:00,appendEntries,1.1571521759033203
1_accelerated.csv,2022-01-01T00:00:04.873241-08:00,appendEntries,1.1571569442749023
1_accelerated.csv,2022-01-01T00:00:04.873311-08:00,appendEntries,1.1579749584197998
1_accelerated.csv,2022-01-01T00:00:04.873379-08:00,appendEntries,1.1579720973968506
1_accelerated.csv,2022-01-01T00:00:04.873444-08:00,appendEntries,1.1572201251983643
1_accelerated.csv,2022-01-01T00:00:04.873511-08:00,appendEntries,1.157928228378296
1_accelerated.csv,2022-01-01T00:00:04.873578-08:00,appendEntries,1.15777587890625
1_accelerated.csv,2022-01-01T00:00:04.873644-08:00,appendEntries,1.157702922821045
1_accelerated.csv,2022-01-01T00:00:04.873708-08:00,appendEntries,1.1579790115356445
1_accelerated.csv,2022-01-01T00:00:04.873774-08:00,appendEntries,1.1582999229431152
1_accelerated.csv,2022-01-01T00:00:04.873838-08:00,appendEntries,1.157966136932373
1_accelerated.csv,2022-01-01T00:00:04.873905-08:00,appendEntries,1.1574571132659912
1_accelerated.csv,2022-01-01T00:00:04.873971-08:00,appendEntries,1.1583120822906494
1_accelerated.csv,2022-01-01T00:00:04.874035-08:00,appendEntries,1.1576602458953857
1_accelerated.csv,2022-01-01T00:00:04.874098-08:00,appendEntries,1.1575820446014404
1_accelerated.csv,2022-01-01T00:00:04.874163-08:00,appendEntries,1.1578669548034668
1_accelerated.csv,2022-01-01T00:00:04.874228-08:00,appendEntries,1.1575050354003906
1_accelerated.csv,2022-01-01T00:00:04.874292-08:00,appendEntries,1.1576378345489502
1_accelerated.csv,2022-01-01T00:00:04.874355-08:00,appendEntries,1.157771110534668
1_accelerated.csv,2022-01-01T00:00:04.874419-08:00,appendEntries,1.1575851440429688
1_accelerated.csv,2022-01-01T00:00:04.874483-08:00,appendEntries,1.1575021743774414
1_accelerated.csv,2022-01-01T00:00:04.874547-08:00,appendEntries,1.1576390266418457
1_accelerated.csv,2022-01-01T00:00:04.874611-08:00,appendEntries,1.1574211120605469
1_accelerated.csv,2022-01-01T00:00:04.874675-08:00,appendEntries,1.1576240062713623
1_accelerated.csv,2022-01-01T00:00:04.874738-08:00,appendEntries,1.1576149463653564
1_accelerated.csv,2022-01-01T00:00:04.876706-08:00,appendEntries,1.1551496982574463
1_accelerated.csv,2022-01-01T00:00:04.876778-08:00,appendEntries,1.1593077182769775
1_accelerated.csv,2022-01-01T00:00:04.876854-08:00,appendEntries,1.1595888137817383
1_accelerated.csv,2022-01-01T00:00:04.876909-08:00,appendEntries,1.1591601371765137
1_accelerated.csv,2022-01-01T00:00:04.876962-08:00,appendEntries,1.1596269607543945
1_accelerated.csv,2022-01-01T00:00:04.877015-08:00,appendEntries,1.1593358516693115
1_accelerated.csv,2022-01-01T00:00:04.877066-08:00,appendEntries,1.159663200378418
1_accelerated.csv,2022-01-01T00:00:04.877116-08:00,appendEntries,1.1595759391784668
1_accelerated.csv,2022-01-01T00:00:04.877168-08:00,appendEntries,1.1582660675048828
1_accelerated.csv,2022-01-01T00:00:04.877220-08:00,appendEntries,1.1586859226226807
1_accelerated.csv,2022-01-01T00:00:04.877273-08:00,appendEntries,1.1584398746490479
1_accelerated.csv,2022-01-01T00:00:04.877327-08:00,appendEntries,1.1597199440002441
1_accelerated.csv,2022-01-01T00:00:04.877380-08:00,appendEntries,1.159562110900879
1_accelerated.csv,2022-01-01T00:00:04.877442-08:00,appendEntries,1.1594817638397217
1_accelerated.csv,2022-01-01T00:00:04.878495-08:00,appendEntries,1.1606030464172363
1_accelerated.csv,2022-01-01T00:00:04.878559-08:00,appendEntries,1.1599469184875488
1_accelerated.csv,2022-01-01T00:00:04.878621-08:00,appendEntries,1.157006025314331
1_accelerated.csv,2022-01-01T00:00:04.879124-08:00,appendEntries,1.16044282913208
1_accelerated.csv,2022-01-01T00:00:04.879187-08:00,appendEntries,1.1604368686676025
1_accelerated.csv,2022-01-01T00:00:04.879253-08:00,appendEntries,1.1601369380950928
1_accelerated.csv,2022-01-01T00:00:04.879308-08:00,appendEntries,1.1603319644927979
1_accelerated.csv,2022-01-01T00:00:04.879361-08:00,appendEntries,1.1601049900054932
1_accelerated.csv,2022-01-01T00:00:04.879413-08:00,appendEntries,1.1603667736053467
1_accelerated.csv,2022-01-01T00:00:04.879466-08:00,appendEntries,1.160071849822998
1_accelerated.csv,2022-01-01T00:00:04.879516-08:00,appendEntries,1.1600492000579834
1_accelerated.csv,2022-01-01T00:00:04.879568-08:00,appendEntries,1.1602439880371094
1_accelerated.csv,2022-01-01T00:00:04.879622-08:00,appendEntries,1.160437822341919
1_accelerated.csv,2022-01-01T00:00:04.879675-08:00,appendEntries,1.1601340770721436
1_accelerated.csv,2022-01-01T00:00:04.879725-08:00,appendEntries,1.1601181030273438
1_accelerated.csv,2022-01-01T00:00:04.886028-08:00,appendEntries,1.166356086730957
1_accelerated.csv,2022-01-01T00:00:04.887530-08:00,appendEntries,1.1675007343292236
1_accelerated.csv,2022-01-01T00:00:04.887718-08:00,appendEntries,1.1677501201629639
1_accelerated.csv,2022-01-01T00:00:04.888034-08:00,appendEntries,1.168198823928833
1_accelerated.csv,2022-01-01T00:00:04.888237-08:00,appendEntries,1.1684660911560059
1_accelerated.csv,2022-01-01T00:00:04.888420-08:00,appendEntries,1.1682648658752441
1_accelerated.csv,2022-01-01T00:00:04.888950-08:00,appendEntries,1.168731927871704
1_accelerated.csv,2022-01-01T00:00:04.889251-08:00,appendEntries,1.1693499088287354
1_accelerated.csv,2022-01-01T00:00:04.889471-08:00,appendEntries,1.1693778038024902
1_accelerated.csv,2022-01-01T00:00:04.889654-08:00,appendEntries,1.169374942779541
1_accelerated.csv,2022-01-01T00:00:04.890035-08:00,appendEntries,1.1695101261138916
1_accelerated.csv,2022-01-01T00:00:04.890796-08:00,appendEntries,1.1691200733184814
1_accelerated.csv,2022-01-01T00:00:04.890995-08:00,appendEntries,1.1692571640014648
1_accelerated.csv,2022-01-01T00:00:04.891452-08:00,appendEntries,1.1709859371185303
1_accelerated.csv,2022-01-01T00:00:04.891988-08:00,appendEntries,1.1715846061706543
1_accelerated.csv,2022-01-01T00:00:04.892167-08:00,appendEntries,1.1718242168426514
1_accelerated.csv,2022-01-01T00:00:04.892345-08:00,appendEntries,1.171759843826294
1_accelerated.csv,2022-01-01T00:00:04.893457-08:00,appendEntries,1.1726889610290527
1_accelerated.csv,2022-01-01T00:00:04.893649-08:00,appendEntries,1.1718499660491943
1_accelerated.csv,2022-01-01T00:00:04.893965-08:00,appendEntries,1.1733179092407227
1_accelerated.csv,2022-01-01T00:00:04.894598-08:00,appendEntries,1.1736009120941162
1_accelerated.csv,2022-01-01T00:00:04.894794-08:00,appendEntries,1.1740870475769043
1_accelerated.csv,2022-01-01T00:00:04.895002-08:00,appendEntries,1.173943042755127
1_accelerated.csv,2022-01-01T00:00:04.895319-08:00,appendEntries,1.173454999923706
1_accelerated.csv,2022-01-01T00:00:04.895974-08:00,appendEntries,1.1748521327972412
1_accelerated.csv,2022-01-01T00:00:04.896976-08:00,appendEntries,1.175670862197876
1_accelerated.csv,2022-01-01T00:00:04.897049-08:00,appendEntries,1.1758639812469482
1_accelerated.csv,2022-01-01T00:00:04.897313-08:00,appendEntries,1.17606782913208
1_accelerated.csv,2022-01-01T00:00:04.897475-08:00,appendEntries,1.17610502243042
1_accelerated.csv,2022-01-01T00:00:04.897658-08:00,appendEntries,1.1754932403564453
1_accelerated.csv,2022-01-01T00:00:04.897851-08:00,appendEntries,1.176419973373413
1_accelerated.csv,2022-01-01T00:00:04.898038-08:00,appendEntries,1.1760709285736084
1_accelerated.csv,2022-01-01T00:00:04.898104-08:00,appendEntries,1.1758768558502197
1_accelerated.csv,2022-01-01T00:00:04.898347-08:00,appendEntries,1.1762487888336182
1_accelerated.csv,2022-01-01T00:00:04.898532-08:00,appendEntries,1.1764957904815674
1_accelerated.csv,2022-01-01T00:00:04.899595-08:00,appendEntries,1.1768600940704346
1_accelerated.csv,2022-01-01T00:00:04.900226-08:00,appendEntries,1.1778087615966797
1_accelerated.csv,2022-01-01T00:00:04.900423-08:00,appendEntries,1.1779370307922363
1_accelerated.csv,2022-01-01T00:00:04.900484-08:00,appendEntries,1.1781959533691406
1_accelerated.csv,2022-01-01T00:00:04.900847-08:00,appendEntries,1.1781740188598633
1_accelerated.csv,2022-01-01T00:00:04.901095-08:00,appendEntries,1.1782991886138916
1_accelerated.csv,2022-01-01T00:00:04.901287-08:00,appendEntries,1.1789319515228271
1_accelerated.csv,2022-01-01T00:00:04.902123-08:00,appendEntries,1.1795740127563477
1_accelerated.csv,2022-01-01T00:00:04.903335-08:00,appendEntries,1.180476188659668
1_accelerated.csv,2022-01-01T00:00:04.903764-08:00,appendEntries,1.1811540126800537
1_accelerated.csv,2022-01-01T00:00:04.905271-08:00,appendEntries,1.1817889213562012
1_accelerated.csv,2022-01-01T00:00:04.907114-08:00,appendEntries,1.1841890811920166
1_accelerated.csv,2022-01-01T00:00:04.907543-08:00,appendEntries,1.184391975402832
1_accelerated.csv,2022-01-01T00:00:04.907770-08:00,appendEntries,1.1847832202911377
1_accelerated.csv,2022-01-01T00:00:04.907950-08:00,appendEntries,1.18473482131958
1_accelerated.csv,2022-01-01T00:00:04.908156-08:00,appendEntries,1.1850690841674805
1_accelerated.csv,2022-01-01T00:00:04.908507-08:00,appendEntries,1.1851050853729248
1_accelerated.csv,2022-01-01T00:00:04.909066-08:00,appendEntries,1.1852672100067139
1_accelerated.csv,2022-01-01T00:00:04.909360-08:00,appendEntries,1.1860191822052002
1_accelerated.csv,2022-01-01T00:00:04.909837-08:00,appendEntries,1.186164140701294
1_accelerated.csv,2022-01-01T00:00:04.910777-08:00,appendEntries,1.1868560314178467
1_accelerated.csv,2022-01-01T00:00:04.910962-08:00,appendEntries,1.1867611408233643
1_accelerated.csv,2022-01-01T00:00:04.911197-08:00,appendEntries,1.1873373985290527
1_accelerated.csv,2022-01-01T00:00:04.911391-08:00,appendEntries,1.1877808570861816
1_accelerated.csv,2022-01-01T00:00:04.911576-08:00,appendEntries,1.1869900226593018
1_accelerated.csv,2022-01-01T00:00:04.912281-08:00,appendEntries,1.1881790161132812
1_accelerated.csv,2022-01-01T00:00:04.912487-08:00,appendEntries,1.188751220703125
1_accelerated.csv,2022-01-01T00:00:04.912884-08:00,appendEntries,1.1888427734375
1_accelerated.csv,2022-01-01T00:00:04.912948-08:00,appendEntries,1.189399003982544
1_accelerated.csv,2022-01-01T00:00:04.913234-08:00,appendEntries,1.1887099742889404
1_accelerated.csv,2022-01-01T00:00:04.913513-08:00,appendEntries,1.1890511512756348
1_accelerated.csv,2022-01-01T00:00:04.914924-08:00,appendEntries,1.1906580924987793
1_accelerated.csv,2022-01-01T00:00:04.915741-08:00,appendEntries,1.19134521484375
1_accelerated.csv,2022-01-01T00:00:04.916003-08:00,appendEntries,1.1916680335998535
1_accelerated.csv,2022-01-01T00:00:04.916313-08:00,appendEntries,1.19303297996521
1_accelerated.csv,2022-01-01T00:00:04.916924-08:00,appendEntries,1.191499948501587
1_accelerated.csv,2022-01-01T00:00:04.917175-08:00,appendEntries,1.1919801235198975
1_accelerated.csv,2022-01-01T00:00:04.917244-08:00,appendEntries,1.1922941207885742
1_accelerated.csv,2022-01-01T00:00:04.917532-08:00,appendEntries,1.1925199031829834
1_accelerated.csv,2022-01-01T00:00:04.917780-08:00,appendEntries,1.1926462650299072
1_accelerated.csv,2022-01-01T00:00:04.917966-08:00,appendEntries,1.192479133605957
1_accelerated.csv,2022-01-01T00:00:04.918161-08:00,appendEntries,1.1930902004241943
1_accelerated.csv,2022-01-01T00:00:04.918226-08:00,appendEntries,1.1933958530426025
1_accelerated.csv,2022-01-01T00:00:04.918489-08:00,appendEntries,1.1931970119476318
1_accelerated.csv,2022-01-01T00:00:04.918775-08:00,appendEntries,1.1940650939941406
1_accelerated.csv,2022-01-01T00:00:04.918971-08:00,appendEntries,1.1943211555480957
1_accelerated.csv,2022-01-01T00:00:04.919466-08:00,appendEntries,1.1941077709197998
1_accelerated.csv,2022-01-01T00:00:04.919998-08:00,appendEntries,1.19510817527771
1_accelerated.csv,2022-01-01T00:00:04.920204-08:00,appendEntries,1.1954350471496582
1_accelerated.csv,2022-01-01T00:00:04.920966-08:00,appendEntries,1.196984052658081
1_accelerated.csv,2022-01-01T00:00:04.921861-08:00,appendEntries,1.1962971687316895
1_accelerated.csv,2022-01-01T00:00:04.922254-08:00,appendEntries,1.1966300010681152
1_accelerated.csv,2022-01-01T00:00:04.923397-08:00,appendEntries,1.1973309516906738
1_accelerated.csv,2022-01-01T00:00:04.923644-08:00,appendEntries,1.1979598999023438
1_accelerated.csv,2022-01-01T00:00:04.924114-08:00,appendEntries,1.1979210376739502
1_accelerated.csv,2022-01-01T00:00:04.924388-08:00,appendEntries,1.1986417770385742
1_accelerated.csv,2022-01-01T00:00:04.924475-08:00,appendEntries,1.1980640888214111
1_accelerated.csv,2022-01-01T00:00:04.925209-08:00,appendEntries,1.1993999481201172
1_accelerated.csv,2022-01-01T00:00:04.925284-08:00,appendEntries,1.199281930923462
1_accelerated.csv,2022-01-01T00:00:04.925559-08:00,appendEntries,1.1994271278381348
1_accelerated.csv,2022-01-01T00:00:04.925743-08:00,appendEntries,1.199803113937378
1_accelerated.csv,2022-01-01T00:00:04.925911-08:00,appendEntries,1.1995971202850342
1_accelerated.csv,2022-01-01T00:00:04.926124-08:00,appendEntries,1.199650764465332
1_accelerated.csv,2022-01-01T00:00:04.926437-08:00,appendEntries,1.2001850605010986
1_accelerated.csv,2022-01-01T00:00:04.926614-08:00,appendEntries,1.2000768184661865
1_accelerated.csv,2022-01-01T00:00:04.926807-08:00,appendEntries,1.2009389400482178
1_accelerated.csv,2022-01-01T00:00:04.927850-08:00,appendEntries,1.2012519836425781
1_accelerated.csv,2022-01-01T00:00:04.928222-08:00,appendEntries,1.2015621662139893
1_accelerated.csv,2022-01-01T00:00:04.928585-08:00,appendEntries,1.201740026473999
1_accelerated.csv,2022-01-01T00:00:04.928855-08:00,appendEntries,1.2019448280334473
1_accelerated.csv,2022-01-01T00:00:04.929868-08:00,appendEntries,1.2031469345092773
1_accelerated.csv,2022-01-01T00:00:04.932662-08:00,appendEntries,1.2055668830871582
1_accelerated.csv,2022-01-01T00:00:04.933233-08:00,appendEntries,1.2064471244812012
1_accelerated.csv,2022-01-01T00:00:04.933543-08:00,appendEntries,1.2062671184539795
1_accelerated.csv,2022-01-01T00:00:04.933740-08:00,appendEntries,1.2065858840942383
1_accelerated.csv,2022-01-01T00:00:04.934088-08:00,appendEntries,1.206874132156372
1_accelerated.csv,2022-01-01T00:00:04.934289-08:00,appendEntries,1.2072579860687256
1_accelerated.csv,2022-01-01T00:00:04.934453-08:00,appendEntries,1.207481861114502
1_accelerated.csv,2022-01-01T00:00:04.935787-08:00,appendEntries,1.2084529399871826
1_accelerated.csv,2022-01-01T00:00:04.936115-08:00,appendEntries,1.2085659503936768
1_accelerated.csv,2022-01-01T00:00:04.936299-08:00,appendEntries,1.2089059352874756
1_accelerated.csv,2022-01-01T00:00:04.936480-08:00,appendEntries,1.2088139057159424
1_accelerated.csv,2022-01-01T00:00:04.936654-08:00,appendEntries,1.209167242050171
1_accelerated.csv,2022-01-01T00:00:04.936978-08:00,appendEntries,1.20936918258667
1_accelerated.csv,2022-01-01T00:00:04.938644-08:00,appendEntries,1.2108638286590576
1_accelerated.csv,2022-01-01T00:00:04.938857-08:00,appendEntries,1.211134910583496
1_accelerated.csv,2022-01-01T00:00:04.939023-08:00,appendEntries,1.2110750675201416
1_accelerated.csv,2022-01-01T00:00:04.939470-08:00,appendEntries,1.2116339206695557
1_accelerated.csv,2022-01-01T00:00:04.939759-08:00,appendEntries,1.211866855621338
1_accelerated.csv,2022-01-01T00:00:04.940358-08:00,appendEntries,1.2123539447784424
1_accelerated.csv,2022-01-01T00:00:04.940930-08:00,appendEntries,1.2128100395202637
1_accelerated.csv,2022-01-01T00:00:04.941227-08:00,appendEntries,1.2130529880523682
1_accelerated.csv,2022-01-01T00:00:04.941721-08:00,appendEntries,1.2136588096618652
1_accelerated.csv,2022-01-01T00:00:04.951112-08:00,appendEntries,1.2228219509124756
1_accelerated.csv,2022-01-01T00:00:04.951336-08:00,appendEntries,1.223107099533081
1_accelerated.csv,2022-01-01T00:00:04.952071-08:00,appendEntries,1.2235791683197021
1_accelerated.csv,2022-01-01T00:00:04.952258-08:00,appendEntries,1.2238566875457764
1_accelerated.csv,2022-01-01T00:00:04.952453-08:00,appendEntries,1.2239017486572266
1_accelerated.csv,2022-01-01T00:00:04.952648-08:00,appendEntries,1.2240362167358398
1_accelerated.csv,2022-01-01T00:00:04.952960-08:00,appendEntries,1.2242858409881592
1_accelerated.csv,2022-01-01T00:00:04.953257-08:00,appendEntries,1.2249090671539307
1_accelerated.csv,2022-01-01T00:00:04.953942-08:00,appendEntries,1.2247569561004639
1_accelerated.csv,2022-01-01T00:00:04.954187-08:00,appendEntries,1.225343942642212
1_accelerated.csv,2022-01-01T00:00:04.954253-08:00,appendEntries,1.2251288890838623
1_accelerated.csv,2022-01-01T00:00:04.954322-08:00,appendEntries,1.2250821590423584
1_accelerated.csv,2022-01-01T00:00:04.954708-08:00,appendEntries,1.2259788513183594
1_accelerated.csv,2022-01-01T00:00:04.955469-08:00,appendEntries,1.2266838550567627
1_accelerated.csv,2022-01-01T00:00:04.955653-08:00,appendEntries,1.226754903793335
1_accelerated.csv,2022-01-01T00:00:04.956060-08:00,appendEntries,1.2267670631408691
1_accelerated.csv,2022-01-01T00:00:04.956522-08:00,appendEntries,1.2271728515625
1_accelerated.csv,2022-01-01T00:00:04.961318-08:00,appendEntries,1.2323639392852783
1_accelerated.csv,2022-01-01T00:00:04.962681-08:00,appendEntries,1.2332770824432373
1_accelerated.csv,2022-01-01T00:00:04.963151-08:00,appendEntries,1.2334778308868408
1_accelerated.csv,2022-01-01T00:00:04.963328-08:00,appendEntries,1.233827829360962
1_accelerated.csv,2022-01-01T00:00:04.963391-08:00,appendEntries,1.2337758541107178
1_accelerated.csv,2022-01-01T00:00:04.963644-08:00,appendEntries,1.2340869903564453
1_accelerated.csv,2022-01-01T00:00:04.963879-08:00,appendEntries,1.234809160232544
1_accelerated.csv,2022-01-01T00:00:04.963950-08:00,appendEntries,1.2349350452423096
1_accelerated.csv,2022-01-01T00:00:04.964713-08:00,appendEntries,1.2348690032958984
1_accelerated.csv,2022-01-01T00:00:04.965335-08:00,appendEntries,1.2356071472167969
1_accelerated.csv,2022-01-01T00:00:04.965405-08:00,appendEntries,1.235339879989624
1_accelerated.csv,2022-01-01T00:00:04.965651-08:00,appendEntries,1.2358629703521729
1_accelerated.csv,2022-01-01T00:00:04.965930-08:00,appendEntries,1.2360308170318604
1_accelerated.csv,2022-01-01T00:00:04.966480-08:00,appendEntries,1.2363598346710205
1_accelerated.csv,2022-01-01T00:00:04.967154-08:00,appendEntries,1.2371439933776855
1_accelerated.csv,2022-01-01T00:00:04.967505-08:00,appendEntries,1.2375519275665283
1_accelerated.csv,2022-01-01T00:00:04.967976-08:00,appendEntries,1.2376329898834229
1_accelerated.csv,2022-01-01T00:00:04.968040-08:00,appendEntries,1.2377541065216064
1_accelerated.csv,2022-01-01T00:00:04.968286-08:00,appendEntries,1.2381081581115723
1_accelerated.csv,2022-01-01T00:00:04.968558-08:00,appendEntries,1.2381596565246582
1_accelerated.csv,2022-01-01T00:00:04.969301-08:00,appendEntries,1.238023042678833
1_accelerated.csv,2022-01-01T00:00:04.969985-08:00,membership,274.63599999999997
1_accelerated.csv,2022-01-01T00:00:04.970227-08:00,appendEntries,1.2399940490722656
1_accelerated.csv,2022-01-01T00:00:04.970828-08:00,appendEntries,1.2388591766357422
1_accelerated.csv,2022-01-01T00:00:04.970876-08:00,appendEntries,1.2402698993682861
1_accelerated.csv,2022-01-01T00:00:04.970909-08:00,appendEntries,1.238882064819336
1_accelerated.csv,2022-01-01T00:00:04.971380-08:00,appendEntries,1.2391819953918457
1_accelerated.csv,2022-01-01T00:00:04.971623-08:00,appendEntries,1.2394821643829346
1_accelerated.csv,2022-01-01T00:00:04.972194-08:00,appendEntries,1.2402839660644531
1_accelerated.csv,2022-01-01T00:00:04.972234-08:00,appendEntries,1.241008996963501
1_accelerated.csv,2022-01-01T00:00:04.972270-08:00,appendEntries,1.2414920330047607
1_accelerated.csv,2022-01-01T00:00:04.972305-08:00,appendEntries,1.2409141063690186
1_accelerated.csv,2022-01-01T00:00:04.972723-08:00,appendEntries,1.2408761978149414
1_accelerated.csv,2022-01-01T00:00:04.973513-08:00,appendEntries,1.2421801090240479
1_accelerated.csv,2022-01-01T00:00:04.982704-08:00,appendEntries,1.2516469955444336
1_accelerated.csv,2022-01-01T00:00:04.982917-08:00,appendEntries,1.2517518997192383
1_accelerated.csv,2022-01-01T00:00:04.983282-08:00,appendEntries,1.2521700859069824
1_accelerated.csv,2022-01-01T00:00:04.983707-08:00,appendEntries,1.2527048587799072
1_accelerated.csv,2022-01-01T00:00:04.983912-08:00,appendEntries,1.252967357635498
1_accelerated.csv,2022-01-01T00:00:04.985015-08:00,appendEntries,1.2542920112609863
1_accelerated.csv,2022-01-01T00:00:04.985195-08:00,appendEntries,1.2543048858642578
1_accelerated.csv,2022-01-01T00:00:04.985698-08:00,appendEntries,1.2548649311065674
1_accelerated.csv,2022-01-01T00:00:04.986921-08:00,appendEntries,1.2562551498413086
1_accelerated.csv,2022-01-01T00:00:04.986985-08:00,appendEntries,1.2564940452575684
1_accelerated.csv,2022-01-01T00:00:04.987652-08:00,appendEntries,1.2571020126342773
1_accelerated.csv,2022-01-01T00:00:04.988139-08:00,appendEntries,1.2560529708862305
1_accelerated.csv,2022-01-01T00:00:04.989920-08:00,appendEntries,1.2576630115509033
1_accelerated.csv,2022-01-01T00:00:04.990811-08:00,appendEntries,1.2583270072937012
1_accelerated.csv,2022-01-01T00:00:04.991047-08:00,appendEntries,1.2586750984191895
1_accelerated.csv,2022-01-01T00:00:04.991131-08:00,appendEntries,1.2584812641143799
1_accelerated.csv,2022-01-01T00:00:04.991411-08:00,appendEntries,1.2588160037994385
1_accelerated.csv,2022-01-01T00:00:04.991623-08:00,appendEntries,1.2590839862823486
1_accelerated.csv,2022-01-01T00:00:04.991844-08:00,appendEntries,1.2595279216766357
1_accelerated.csv,2022-01-01T00:00:04.992090-08:00,appendEntries,1.2593238353729248
1_accelerated.csv,2022-01-01T00:00:04.992431-08:00,appendEntries,1.2600018978118896
1_accelerated.csv,2022-01-01T00:00:04.993470-08:00,appendEntries,1.2604351043701172
1_accelerated.csv,2022-01-01T00:00:04.993732-08:00,appendEntries,1.2608168125152588
1_accelerated.csv,2022-01-01T00:00:04.993967-08:00,appendEntries,1.2608749866485596
1_accelerated.csv,2022-01-01T00:00:04.994195-08:00,appendEntries,1.2614881992340088
1_accelerated.csv,2022-01-01T00:00:04.994399-08:00,appendEntries,1.2615442276000977
1_accelerated.csv,2022-01-01T00:00:04.994608-08:00,appendEntries,1.261631965637207
1_accelerated.csv,2022-01-01T00:00:04.995037-08:00,appendEntries,1.2617170810699463
1_accelerated.csv,2022-01-01T00:00:04.996579-08:00,appendEntries,1.2633159160614014
1_accelerated.csv,2022-01-01T00:00:04.996656-08:00,appendEntries,1.263113021850586
1_accelerated.csv,2022-01-01T00:00:04.997115-08:00,appendEntries,1.2636830806732178
1_accelerated.csv,2022-01-01T00:00:04.997389-08:00,appendEntries,1.2637908458709717
1_accelerated.csv,2022-01-01T00:00:04.997629-08:00,appendEntries,1.264254093170166
1_accelerated.csv,2022-01-01T00:00:04.997854-08:00,appendEntries,1.2643649578094482
1_accelerated.csv,2022-01-01T00:00:04.998100-08:00,appendEntries,1.2648959159851074
1_accelerated.csv,2022-01-01T00:00:04.999573-08:00,appendEntries,1.2658090591430664
1_accelerated.csv,2022-01-01T00:00:04.999803-08:00,appendEntries,1.2661480903625488
1_accelerated.csv,2022-01-01T00:00:05.000516-08:00,appendEntries,1.2673659324645996
1_accelerated.csv,2022-01-01T00:00:05.000741-08:00,appendEntries,1.267030954360962
1_accelerated.csv,2022-01-01T00:00:05.000980-08:00,appendEntries,1.2671241760253906
1_accelerated.csv,2022-01-01T00:00:05.001286-08:00,appendEntries,1.2673730850219727
1_accelerated.csv,2022-01-01T00:00:05.002333-08:00,appendEntries,1.2683563232421875
1_accelerated.csv,2022-01-01T00:00:05.002582-08:00,appendEntries,1.2684898376464844
1_accelerated.csv,2022-01-01T00:00:05.003268-08:00,appendEntries,1.2692339420318604
1_accelerated.csv,2022-01-01T00:00:05.003933-08:00,appendEntries,1.2697279453277588
1_accelerated.csv,2022-01-01T00:00:05.004011-08:00,appendEntries,1.2698619365692139
1_accelerated.csv,2022-01-01T00:00:05.004339-08:00,appendEntries,1.2700793743133545
1_accelerated.csv,2022-01-01T00:00:05.004571-08:00,appendEntries,1.2700867652893066
1_accelerated.csv,2022-01-01T00:00:05.004756-08:00,appendEntries,1.2704389095306396
1_accelerated.csv,2022-01-01T00:00:05.004970-08:00,appendEntries,1.270373821258545
1_accelerated.csv,2022-01-01T00:00:05.005678-08:00,appendEntries,1.2713048458099365
1_accelerated.csv,2022-01-01T00:00:05.005892-08:00,appendEntries,1.2707560062408447
1_accelerated.csv,2022-01-01T00:00:05.006093-08:00,appendEntries,1.2708990573883057
1_accelerated.csv,2022-01-01T00:00:05.006320-08:00,appendEntries,1.2718939781188965
1_accelerated.csv,2022-01-01T00:00:05.006401-08:00,appendEntries,1.2710931301116943
1_accelerated.csv,2022-01-01T00:00:05.007097-08:00,appendEntries,1.2721269130706787
1_accelerated.csv,2022-01-01T00:00:05.007183-08:00,appendEntries,1.2721011638641357
1_accelerated.csv,2022-01-01T00:00:05.007525-08:00,appendEntries,1.2722737789154053
1_accelerated.csv,2022-01-01T00:00:05.007606-08:00,appendEntries,1.2725799083709717
1_accelerated.csv,2022-01-01T00:00:05.007905-08:00,appendEntries,1.2731399536132812
1_accelerated.csv,2022-01-01T00:00:05.008281-08:00,appendEntries,1.2734248638153076
1_accelerated.csv,2022-01-01T00:00:05.009302-08:00,appendEntries,1.2743890285491943
1_accelerated.csv,2022-01-01T00:00:05.009519-08:00,appendEntries,1.2748658657073975
1_accelerated.csv,2022-01-01T00:00:05.009963-08:00,appendEntries,1.2752580642700195
1_accelerated.csv,2022-01-01T00:00:05.010401-08:00,appendEntries,1.2749290466308594
1_accelerated.csv,2022-01-01T00:00:05.011202-08:00,appendEntries,1.2766599655151367
1_accelerated.csv,2022-01-01T00:00:05.011277-08:00,appendEntries,1.2756898403167725
1_accelerated.csv,2022-01-01T00:00:05.011687-08:00,appendEntries,1.2762689590454102
1_accelerated.csv,2022-01-01T00:00:05.012019-08:00,appendEntries,1.2766551971435547
1_accelerated.csv,2022-01-01T00:00:05.012240-08:00,appendEntries,1.2767119407653809
1_accelerated.csv,2022-01-01T00:00:05.012624-08:00,appendEntries,1.2769269943237305
1_accelerated.csv,2022-01-01T00:00:05.012882-08:00,appendEntries,1.277237892150879
1_accelerated.csv,2022-01-01T00:00:05.013105-08:00,appendEntries,1.2773551940917969
1_accelerated.csv,2022-01-01T00:00:05.014269-08:00,appendEntries,1.2783150672912598
1_accelerated.csv,2022-01-01T00:00:05.014345-08:00,appendEntries,1.2784490585327148
1_accelerated.csv,2022-01-01T00:00:05.014665-08:00,appendEntries,1.2786500453948975
1_accelerated.csv,2022-01-01T00:00:05.015112-08:00,appendEntries,1.2792723178863525
1_accelerated.csv,2022-01-01T00:00:05.015648-08:00,appendEntries,1.2794098854064941
1_accelerated.csv,2022-01-01T00:00:05.015724-08:00,appendEntries,1.2796008586883545
1_accelerated.csv,2022-01-01T00:00:05.016675-08:00,appendEntries,1.2804930210113525
1_accelerated.csv,2022-01-01T00:00:05.016752-08:00,appendEntries,1.28068208694458
1_accelerated.csv,2022-01-01T00:00:05.017483-08:00,appendEntries,1.2810208797454834
1_accelerated.csv,2022-01-01T00:00:05.017943-08:00,appendEntries,1.2816498279571533
1_accelerated.csv,2022-01-01T00:00:05.018419-08:00,appendEntries,1.2820110321044922
1_accelerated.csv,2022-01-01T00:00:05.018654-08:00,appendEntries,1.2823030948638916
1_accelerated.csv,2022-01-01T00:00:05.018859-08:00,appendEntries,1.2822890281677246
1_accelerated.csv,2022-01-01T00:00:05.019544-08:00,appendEntries,1.2829208374023438
1_accelerated.csv,2022-01-01T00:00:05.019772-08:00,appendEntries,1.2832551002502441
1_accelerated.csv,2022-01-01T00:00:05.020892-08:00,appendEntries,1.2842111587524414
1_accelerated.csv,2022-01-01T00:00:05.021155-08:00,appendEntries,1.2842717170715332
1_accelerated.csv,2022-01-01T00:00:05.021362-08:00,appendEntries,1.2846240997314453
1_accelerated.csv,2022-01-01T00:00:05.021558-08:00,appendEntries,1.2847340106964111
1_accelerated.csv,2022-01-01T00:00:05.021783-08:00,appendEntries,1.284843921661377
1_accelerated.csv,2022-01-01T00:00:05.022103-08:00,appendEntries,1.2849998474121094
1_accelerated.csv,2022-01-01T00:00:05.022378-08:00,appendEntries,1.285327672958374
1_accelerated.csv,2022-01-01T00:00:05.022630-08:00,appendEntries,1.2854728698730469
1_accelerated.csv,2022-01-01T00:00:05.022944-08:00,appendEntries,1.285952091217041
1_accelerated.csv,2022-01-01T00:00:05.024614-08:00,appendEntries,1.287240982055664
1_accelerated.csv,2022-01-01T00:00:05.024690-08:00,appendEntries,1.2874202728271484
1_accelerated.csv,2022-01-01T00:00:05.024986-08:00,appendEntries,1.2877719402313232
1_accelerated.csv,2022-01-01T00:00:05.025222-08:00,appendEntries,1.287795066833496
1_accelerated.csv,2022-01-01T00:00:05.025586-08:00,appendEntries,1.288264274597168
1_accelerated.csv,2022-01-01T00:00:05.025843-08:00,appendEntries,1.288318157196045
1_accelerated.csv,2022-01-01T00:00:05.026114-08:00,appendEntries,1.2885408401489258
1_accelerated.csv,2022-01-01T00:00:05.026505-08:00,appendEntries,1.2888801097869873
1_accelerated.csv,2022-01-01T00:00:05.027252-08:00,appendEntries,1.28977632522583
1_accelerated.csv,2022-01-01T00:00:05.028324-08:00,appendEntries,1.2903649806976318
1_accelerated.csv,2022-01-01T00:00:05.028558-08:00,appendEntries,1.290884017944336
1_accelerated.csv,2022-01-01T00:00:05.028749-08:00,appendEntries,1.2909440994262695
1_accelerated.csv,2022-01-01T00:00:05.028952-08:00,appendEntries,1.2911999225616455
1_accelerated.csv,2022-01-01T00:00:05.029559-08:00,appendEntries,1.291701078414917
1_accelerated.csv,2022-01-01T00:00:05.029817-08:00,appendEntries,1.2917587757110596
1_accelerated.csv,2022-01-01T00:00:05.030141-08:00,appendEntries,1.29193115234375
1_accelerated.csv,2022-01-01T00:00:05.030339-08:00,appendEntries,1.292330026626587
1_accelerated.csv,2022-01-01T00:00:05.030546-08:00,appendEntries,1.2926383018493652
1_accelerated.csv,2022-01-01T00:00:05.030798-08:00,appendEntries,1.292686939239502
1_accelerated.csv,2022-01-01T00:00:05.031506-08:00,appendEntries,1.2933471202850342
1_accelerated.csv,2022-01-01T00:00:05.031738-08:00,appendEntries,1.2934730052947998
1_accelerated.csv,2022-01-01T00:00:05.032079-08:00,appendEntries,1.2937169075012207
1_accelerated.csv,2022-01-01T00:00:05.033365-08:00,appendEntries,1.2949028015136719
1_accelerated.csv,2022-01-01T00:00:05.033590-08:00,appendEntries,1.2952766418457031
1_accelerated.csv,2022-01-01T00:00:05.034177-08:00,appendEntries,1.2956149578094482
1_accelerated.csv,2022-01-01T00:00:05.034386-08:00,appendEntries,1.295875072479248
1_accelerated.csv,2022-01-01T00:00:05.034890-08:00,appendEntries,1.2964789867401123
1_accelerated.csv,2022-01-01T00:00:05.035414-08:00,appendEntries,1.296612024307251
1_accelerated.csv,2022-01-01T00:00:05.035490-08:00,appendEntries,1.296739101409912
1_accelerated.csv,2022-01-01T00:00:05.036414-08:00,appendEntries,1.297719955444336
1_accelerated.csv,2022-01-01T00:00:05.036624-08:00,appendEntries,1.2979838848114014
1_accelerated.csv,2022-01-01T00:00:05.038026-08:00,appendEntries,1.2990210056304932
1_accelerated.csv,2022-01-01T00:00:05.038625-08:00,appendEntries,1.299670934677124
1_accelerated.csv,2022-01-01T00:00:05.038908-08:00,appendEntries,1.299854040145874
1_accelerated.csv,2022-01-01T00:00:05.039265-08:00,appendEntries,1.300412893295288
1_accelerated.csv,2022-01-01T00:00:05.039402-08:00,appendEntries,1.3004968166351318
1_accelerated.csv,2022-01-01T00:00:05.039521-08:00,appendEntries,1.300365924835205
1_accelerated.csv,2022-01-01T00:00:05.040024-08:00,appendEntries,1.3008170127868652
1_accelerated.csv,2022-01-01T00:00:05.040260-08:00,appendEntries,1.30100417137146
1_accelerated.csv,2022-01-01T00:00:05.040337-08:00,appendEntries,1.3012311458587646
1_accelerated.csv,2022-01-01T00:00:05.041722-08:00,appendEntries,1.3023130893707275
1_accelerated.csv,2022-01-01T00:00:05.041923-08:00,appendEntries,1.3025658130645752
1_accelerated.csv,2022-01-01T00:00:05.042134-08:00,appendEntries,1.3028287887573242
1_accelerated.csv,2022-01-01T00:00:05.042404-08:00,appendEntries,1.302940845489502
1_accelerated.csv,2022-01-01T00:00:05.043558-08:00,appendEntries,1.3039638996124268
1_accelerated.csv,2022-01-01T00:00:05.043639-08:00,appendEntries,1.3040969371795654
1_accelerated.csv,2022-01-01T00:00:05.045329-08:00,appendEntries,1.305682897567749
1_accelerated.csv,2022-01-01T00:00:05.045758-08:00,appendEntries,1.306061029434204
1_accelerated.csv,2022-01-01T00:00:05.046091-08:00,appendEntries,1.306241750717163
1_accelerated.csv,2022-01-01T00:00:05.046352-08:00,appendEntries,1.306401014328003
1_accelerated.csv,2022-01-01T00:00:05.046432-08:00,appendEntries,1.3066859245300293
1_accelerated.csv,2022-01-01T00:00:05.046761-08:00,appendEntries,1.3069629669189453
1_accelerated.csv,2022-01-01T00:00:05.047015-08:00,appendEntries,1.3071160316467285
1_accelerated.csv,2022-01-01T00:00:05.047225-08:00,appendEntries,1.3071720600128174
1_accelerated.csv,2022-01-01T00:00:05.048024-08:00,appendEntries,1.3079187870025635
1_accelerated.csv,2022-01-01T00:00:05.048445-08:00,appendEntries,1.3084440231323242
1_accelerated.csv,2022-01-01T00:00:05.048670-08:00,appendEntries,1.3085150718688965
1_accelerated.csv,2022-01-01T00:00:05.048898-08:00,appendEntries,1.308535099029541
1_accelerated.csv,2022-01-01T00:00:05.049783-08:00,appendEntries,1.309520959854126
1_accelerated.csv,2022-01-01T00:00:05.050118-08:00,appendEntries,1.3095698356628418
1_accelerated.csv,2022-01-01T00:00:05.050199-08:00,appendEntries,1.3098859786987305
1_accelerated.csv,2022-01-01T00:00:05.050537-08:00,appendEntries,1.3100390434265137
1_accelerated.csv,2022-01-01T00:00:05.050618-08:00,appendEntries,1.3104119300842285
1_accelerated.csv,2022-01-01T00:00:05.051079-08:00,appendEntries,1.310633897781372
1_accelerated.csv,2022-01-01T00:00:05.051399-08:00,appendEntries,1.3107490539550781
1_accelerated.csv,2022-01-01T00:00:05.052046-08:00,appendEntries,1.3112919330596924
1_accelerated.csv,2022-01-01T00:00:05.052417-08:00,appendEntries,1.3116106986999512
1_accelerated.csv,2022-01-01T00:00:05.053066-08:00,appendEntries,1.312366008758545
1_accelerated.csv,2022-01-01T00:00:05.053287-08:00,appendEntries,1.3126869201660156
1_accelerated.csv,2022-01-01T00:00:05.054636-08:00,appendEntries,1.313781976699829
1_accelerated.csv,2022-01-01T00:00:05.055099-08:00,appendEntries,1.3141932487487793
1_accelerated.csv,2022-01-01T00:00:05.055329-08:00,appendEntries,1.3142237663269043
1_accelerated.csv,2022-01-01T00:00:05.055547-08:00,appendEntries,1.3145411014556885
1_accelerated.csv,2022-01-01T00:00:05.055621-08:00,appendEntries,1.3145639896392822
1_accelerated.csv,2022-01-01T00:00:05.055899-08:00,appendEntries,1.314943790435791
1_accelerated.csv,2022-01-01T00:00:05.056201-08:00,appendEntries,1.315047264099121
1_accelerated.csv,2022-01-01T00:00:05.056465-08:00,appendEntries,1.3151311874389648
1_accelerated.csv,2022-01-01T00:00:05.056694-08:00,appendEntries,1.3154397010803223
1_accelerated.csv,2022-01-01T00:00:05.056952-08:00,appendEntries,1.3157460689544678
1_accelerated.csv,2022-01-01T00:00:05.057187-08:00,appendEntries,1.3156969547271729
1_accelerated.csv,2022-01-01T00:00:05.058639-08:00,appendEntries,1.3172521591186523
1_accelerated.csv,2022-01-01T00:00:05.059066-08:00,appendEntries,1.317626953125
1_accelerated.csv,2022-01-01T00:00:05.059314-08:00,appendEntries,1.3176720142364502
1_accelerated.csv,2022-01-01T00:00:05.059759-08:00,appendEntries,1.3181703090667725
1_accelerated.csv,2022-01-01T00:00:05.059833-08:00,appendEntries,1.3182909488677979
1_accelerated.csv,2022-01-01T00:00:05.060790-08:00,appendEntries,1.3189468383789062
1_accelerated.csv,2022-01-01T00:00:05.061056-08:00,appendEntries,1.319314956665039
1_accelerated.csv,2022-01-01T00:00:05.061130-08:00,appendEntries,1.3194379806518555
1_accelerated.csv,2022-01-01T00:00:05.061670-08:00,appendEntries,1.319878101348877
1_accelerated.csv,2022-01-01T00:00:05.062022-08:00,appendEntries,1.3201298713684082
1_accelerated.csv,2022-01-01T00:00:05.062559-08:00,appendEntries,1.3206160068511963
1_accelerated.csv,2022-01-01T00:00:05.063416-08:00,appendEntries,1.321423053741455
1_accelerated.csv,2022-01-01T00:00:05.063683-08:00,appendEntries,1.321397066116333
1_accelerated.csv,2022-01-01T00:00:05.063768-08:00,appendEntries,1.3217227458953857
1_accelerated.csv,2022-01-01T00:00:05.064108-08:00,appendEntries,1.3220129013061523
1_accelerated.csv,2022-01-01T00:00:05.064204-08:00,appendEntries,1.3219752311706543
1_accelerated.csv,2022-01-01T00:00:05.064510-08:00,appendEntries,1.3223662376403809
1_accelerated.csv,2022-01-01T00:00:05.064710-08:00,appendEntries,1.3223211765289307
1_accelerated.csv,2022-01-01T00:00:05.064958-08:00,appendEntries,1.3226220607757568
1_accelerated.csv,2022-01-01T00:00:05.066050-08:00,appendEntries,1.3235068321228027
1_accelerated.csv,2022-01-01T00:00:05.066659-08:00,appendEntries,1.3242161273956299
1_accelerated.csv,2022-01-01T00:00:05.066735-08:00,appendEntries,1.324091911315918
1_accelerated.csv,2022-01-01T00:00:05.067068-08:00,appendEntries,1.3245759010314941
1_accelerated.csv,2022-01-01T00:00:05.068329-08:00,appendEntries,1.325531244277954
1_accelerated.csv,2022-01-01T00:00:05.068551-08:00,appendEntries,1.3258030414581299
1_accelerated.csv,2022-01-01T00:00:05.068624-08:00,appendEntries,1.3260321617126465
1_accelerated.csv,2022-01-01T00:00:05.068917-08:00,appendEntries,1.3262238502502441
1_accelerated.csv,2022-01-01T00:00:05.069473-08:00,appendEntries,1.3266267776489258
1_accelerated.csv,2022-01-01T00:00:05.074684-08:00,appendEntries,1.331732988357544
1_accelerated.csv,2022-01-01T00:00:05.076051-08:00,appendEntries,1.3331499099731445
1_accelerated.csv,2022-01-01T00:00:05.076559-08:00,appendEntries,1.3335082530975342
1_accelerated.csv,2022-01-01T00:00:05.077248-08:00,appendEntries,1.3336777687072754
1_accelerated.csv,2022-01-01T00:00:05.077809-08:00,appendEntries,1.3348090648651123
1_accelerated.csv,2022-01-01T00:00:05.078893-08:00,appendEntries,1.3352711200714111
