sb.csv,2022-01-01T00:00:24.018107-07:00,appendEntries,0.0321199893951416
sb.csv,2022-01-01T00:00:24.051636-07:00,appendEntries,0.03339219093322754
sb.csv,2022-01-01T00:00:24.080259-07:00,appendEntries,0.028524160385131836
sb.csv,2022-01-01T00:00:24.108976-07:00,appendEntries,0.02858591079711914
sb.csv,2022-01-01T00:00:24.136923-07:00,appendEntries,0.027822017669677734
sb.csv,2022-01-01T00:00:24.169435-07:00,appendEntries,0.032399892807006836
sb.csv,2022-01-01T00:00:24.196514-07:00,appendEntries,0.02696967124938965
sb.csv,2022-01-01T00:00:24.223240-07:00,appendEntries,0.0266420841217041
sb.csv,2022-01-01T00:00:24.250209-07:00,appendEntries,0.026893138885498047
sb.csv,2022-01-01T00:00:24.277493-07:00,appendEntries,0.027164220809936523
sb.csv,2022-01-01T00:00:24.304387-07:00,appendEntries,0.026806116104125977
sb.csv,2022-01-01T00:00:24.331057-07:00,appendEntries,0.02658700942993164
sb.csv,2022-01-01T00:00:24.357786-07:00,appendEntries,0.026656150817871094
sb.csv,2022-01-01T00:00:24.384403-07:00,appendEntries,0.02655482292175293
sb.csv,2022-01-01T00:00:24.410894-07:00,appendEntries,0.026432037353515625
sb.csv,2022-01-01T00:00:24.437519-07:00,appendEntries,0.026574134826660156
sb.csv,2022-01-01T00:00:24.464012-07:00,appendEntries,0.026448965072631836
sb.csv,2022-01-01T00:00:24.490447-07:00,appendEntries,0.026396989822387695
sb.csv,2022-01-01T00:00:24.517082-07:00,appendEntries,0.026586294174194336
sb.csv,2022-01-01T00:00:24.543710-07:00,appendEntries,0.026578903198242188
sb.csv,2022-01-01T00:00:24.570271-07:00,appendEntries,0.02651381492614746
sb.csv,2022-01-01T00:00:24.596717-07:00,appendEntries,0.026394128799438477
sb.csv,2022-01-01T00:00:24.623253-07:00,appendEntries,0.026477813720703125
sb.csv,2022-01-01T00:00:24.649908-07:00,appendEntries,0.026597976684570312
sb.csv,2022-01-01T00:00:24.676554-07:00,appendEntries,0.02658987045288086
sb.csv,2022-01-01T00:00:24.703270-07:00,appendEntries,0.026659011840820312
sb.csv,2022-01-01T00:00:24.730096-07:00,appendEntries,0.026766300201416016
sb.csv,2022-01-01T00:00:24.756858-07:00,appendEntries,0.0267031192779541
sb.csv,2022-01-01T00:00:24.783512-07:00,appendEntries,0.026596784591674805
sb.csv,2022-01-01T00:00:24.810433-07:00,appendEntries,0.02686285972595215
sb.csv,2022-01-01T00:00:24.836992-07:00,appendEntries,0.026494979858398438
sb.csv,2022-01-01T00:00:24.863583-07:00,appendEntries,0.026529788970947266
sb.csv,2022-01-01T00:00:24.895523-07:00,appendEntries,0.031865835189819336
sb.csv,2022-01-01T00:00:24.922455-07:00,appendEntries,0.026758909225463867
sb.csv,2022-01-01T00:00:24.949296-07:00,appendEntries,0.02675604820251465
sb.csv,2022-01-01T00:00:24.976486-07:00,appendEntries,0.027112960815429688
sb.csv,2022-01-01T00:00:25.003892-07:00,appendEntries,0.027287006378173828
sb.csv,2022-01-01T00:00:25.031142-07:00,appendEntries,0.02707815170288086
sb.csv,2022-01-01T00:00:25.058609-07:00,appendEntries,0.027372121810913086
sb.csv,2022-01-01T00:00:25.086515-07:00,appendEntries,0.02775716781616211
sb.csv,2022-01-01T00:00:25.113922-07:00,appendEntries,0.02730703353881836
sb.csv,2022-01-01T00:00:25.141586-07:00,appendEntries,0.027549028396606445
sb.csv,2022-01-01T00:00:25.168973-07:00,appendEntries,0.027264118194580078
sb.csv,2022-01-01T00:00:25.195954-07:00,appendEntries,0.026871919631958008
sb.csv,2022-01-01T00:00:25.222825-07:00,appendEntries,0.026788949966430664
sb.csv,2022-01-01T00:00:25.249654-07:00,appendEntries,0.02675461769104004
sb.csv,2022-01-01T00:00:25.277217-07:00,appendEntries,0.027447938919067383
sb.csv,2022-01-01T00:00:25.304792-07:00,appendEntries,0.027456045150756836
sb.csv,2022-01-01T00:00:25.332309-07:00,appendEntries,0.0273740291595459
sb.csv,2022-01-01T00:00:25.360358-07:00,appendEntries,0.027909040451049805
sb.csv,2022-01-01T00:00:25.388039-07:00,appendEntries,0.027540922164916992
sb.csv,2022-01-01T00:00:25.415103-07:00,appendEntries,0.026939868927001953
sb.csv,2022-01-01T00:00:25.442496-07:00,appendEntries,0.027302265167236328
sb.csv,2022-01-01T00:00:25.469974-07:00,appendEntries,0.027331829071044922
sb.csv,2022-01-01T00:00:25.498830-07:00,appendEntries,0.028734922409057617
sb.csv,2022-01-01T00:00:25.526633-07:00,appendEntries,0.027662038803100586
sb.csv,2022-01-01T00:00:25.553715-07:00,appendEntries,0.026981115341186523
sb.csv,2022-01-01T00:00:25.580928-07:00,appendEntries,0.027086734771728516
sb.csv,2022-01-01T00:00:25.608347-07:00,appendEntries,0.02730083465576172
sb.csv,2022-01-01T00:00:25.635720-07:00,appendEntries,0.027132272720336914
sb.csv,2022-01-01T00:00:25.662526-07:00,appendEntries,0.02674078941345215
sb.csv,2022-01-01T00:00:25.689219-07:00,appendEntries,0.026640892028808594
sb.csv,2022-01-01T00:00:25.715903-07:00,appendEntries,0.026636838912963867
sb.csv,2022-01-01T00:00:25.742544-07:00,appendEntries,0.026588916778564453
sb.csv,2022-01-01T00:00:25.769138-07:00,appendEntries,0.02654409408569336
sb.csv,2022-01-01T00:00:25.795724-07:00,appendEntries,0.02652716636657715
sb.csv,2022-01-01T00:00:25.822149-07:00,appendEntries,0.02637314796447754
sb.csv,2022-01-01T00:00:25.848764-07:00,appendEntries,0.02656412124633789
sb.csv,2022-01-01T00:00:25.875302-07:00,appendEntries,0.026484012603759766
sb.csv,2022-01-01T00:00:25.902140-07:00,appendEntries,0.026777982711791992
sb.csv,2022-01-01T00:00:25.928810-07:00,appendEntries,0.026607990264892578
sb.csv,2022-01-01T00:00:25.955663-07:00,appendEntries,0.026779890060424805
sb.csv,2022-01-01T00:00:25.982330-07:00,appendEntries,0.02660512924194336
sb.csv,2022-01-01T00:00:26.009220-07:00,appendEntries,0.026823043823242188
sb.csv,2022-01-01T00:00:26.036622-07:00,appendEntries,0.027324914932250977
sb.csv,2022-01-01T00:00:26.064585-07:00,appendEntries,0.027863025665283203
sb.csv,2022-01-01T00:00:26.093123-07:00,appendEntries,0.028413057327270508
sb.csv,2022-01-01T00:00:26.120173-07:00,appendEntries,0.026929855346679688
sb.csv,2022-01-01T00:00:26.147644-07:00,appendEntries,0.027369022369384766
sb.csv,2022-01-01T00:00:26.175039-07:00,appendEntries,0.027280092239379883
sb.csv,2022-01-01T00:00:26.202047-07:00,appendEntries,0.026868820190429688
sb.csv,2022-01-01T00:00:26.228830-07:00,appendEntries,0.026700973510742188
sb.csv,2022-01-01T00:00:26.255894-07:00,appendEntries,0.02696514129638672
sb.csv,2022-01-01T00:00:26.283015-07:00,appendEntries,0.027040958404541016
sb.csv,2022-01-01T00:00:26.310273-07:00,appendEntries,0.027144908905029297
sb.csv,2022-01-01T00:00:26.337421-07:00,appendEntries,0.02703380584716797
sb.csv,2022-01-01T00:00:26.365210-07:00,appendEntries,0.027673721313476562
sb.csv,2022-01-01T00:00:26.392738-07:00,appendEntries,0.02740788459777832
sb.csv,2022-01-01T00:00:26.419787-07:00,appendEntries,0.02692580223083496
sb.csv,2022-01-01T00:00:26.447986-07:00,appendEntries,0.028104066848754883
sb.csv,2022-01-01T00:00:26.475240-07:00,appendEntries,0.027152061462402344
sb.csv,2022-01-01T00:00:26.502288-07:00,appendEntries,0.02694988250732422
sb.csv,2022-01-01T00:00:26.529455-07:00,appendEntries,0.027055978775024414
sb.csv,2022-01-01T00:00:26.556763-07:00,appendEntries,0.02722311019897461
sb.csv,2022-01-01T00:00:26.585839-07:00,appendEntries,0.028959035873413086
sb.csv,2022-01-01T00:00:26.612985-07:00,appendEntries,0.027046918869018555
sb.csv,2022-01-01T00:00:26.640472-07:00,appendEntries,0.02738189697265625
sb.csv,2022-01-01T00:00:26.667791-07:00,appendEntries,0.027212858200073242
sb.csv,2022-01-01T00:00:26.694945-07:00,appendEntries,0.027052879333496094
sb.csv,2022-01-01T00:00:26.722004-07:00,appendEntries,0.026964902877807617
sb.csv,2022-01-01T00:00:26.749303-07:00,appendEntries,0.02720165252685547
sb.csv,2022-01-01T00:00:26.776586-07:00,appendEntries,0.027181148529052734
sb.csv,2022-01-01T00:00:26.803942-07:00,appendEntries,0.027211904525756836
sb.csv,2022-01-01T00:00:26.831832-07:00,appendEntries,0.02777695655822754
sb.csv,2022-01-01T00:00:26.859499-07:00,appendEntries,0.027490854263305664
sb.csv,2022-01-01T00:00:26.886710-07:00,appendEntries,0.02710127830505371
sb.csv,2022-01-01T00:00:26.915753-07:00,appendEntries,0.02892017364501953
sb.csv,2022-01-01T00:00:26.943341-07:00,appendEntries,0.027397871017456055
sb.csv,2022-01-01T00:00:26.970767-07:00,appendEntries,0.027299880981445312
sb.csv,2022-01-01T00:00:26.998297-07:00,appendEntries,0.02738499641418457
sb.csv,2022-01-01T00:00:27.026053-07:00,appendEntries,0.02758502960205078
sb.csv,2022-01-01T00:00:27.053186-07:00,appendEntries,0.026966094970703125
sb.csv,2022-01-01T00:00:27.080546-07:00,appendEntries,0.027254104614257812
sb.csv,2022-01-01T00:00:27.107798-07:00,appendEntries,0.02716684341430664
sb.csv,2022-01-01T00:00:27.135171-07:00,appendEntries,0.02721095085144043
sb.csv,2022-01-01T00:00:27.162313-07:00,appendEntries,0.027039766311645508
sb.csv,2022-01-01T00:00:27.190544-07:00,appendEntries,0.02803206443786621
sb.csv,2022-01-01T00:00:27.217569-07:00,appendEntries,0.0269167423248291
sb.csv,2022-01-01T00:00:27.244974-07:00,appendEntries,0.027322769165039062
sb.csv,2022-01-01T00:00:27.272316-07:00,appendEntries,0.027241945266723633
sb.csv,2022-01-01T00:00:27.299418-07:00,appendEntries,0.027003765106201172
sb.csv,2022-01-01T00:00:27.326815-07:00,appendEntries,0.02728414535522461
sb.csv,2022-01-01T00:00:27.354117-07:00,appendEntries,0.02699899673461914
sb.csv,2022-01-01T00:00:27.381768-07:00,appendEntries,0.027549028396606445
sb.csv,2022-01-01T00:00:27.409623-07:00,appendEntries,0.02773880958557129
sb.csv,2022-01-01T00:00:27.438958-07:00,appendEntries,0.029233932495117188
sb.csv,2022-01-01T00:00:27.466594-07:00,appendEntries,0.02752685546875
sb.csv,2022-01-01T00:00:27.495030-07:00,appendEntries,0.028321027755737305
sb.csv,2022-01-01T00:00:27.523333-07:00,appendEntries,0.02818584442138672
sb.csv,2022-01-01T00:00:27.550899-07:00,appendEntries,0.027458906173706055
sb.csv,2022-01-01T00:00:27.578491-07:00,appendEntries,0.027486085891723633
sb.csv,2022-01-01T00:00:27.607431-07:00,appendEntries,0.028797149658203125
sb.csv,2022-01-01T00:00:27.635114-07:00,appendEntries,0.027575016021728516
sb.csv,2022-01-01T00:00:27.662658-07:00,appendEntries,0.027397871017456055
sb.csv,2022-01-01T00:00:27.690438-07:00,appendEntries,0.02768397331237793
sb.csv,2022-01-01T00:00:27.717342-07:00,appendEntries,0.026798009872436523
sb.csv,2022-01-01T00:00:27.744771-07:00,appendEntries,0.02733898162841797
sb.csv,2022-01-01T00:00:27.772480-07:00,appendEntries,0.027592897415161133
sb.csv,2022-01-01T00:00:27.799843-07:00,appendEntries,0.027244091033935547
sb.csv,2022-01-01T00:00:27.826824-07:00,appendEntries,0.02689838409423828
sb.csv,2022-01-01T00:00:27.854666-07:00,appendEntries,0.027741193771362305
sb.csv,2022-01-01T00:00:27.882340-07:00,appendEntries,0.027312755584716797
sb.csv,2022-01-01T00:00:27.909415-07:00,appendEntries,0.026981115341186523
sb.csv,2022-01-01T00:00:27.936384-07:00,appendEntries,0.026879072189331055
sb.csv,2022-01-01T00:00:27.963482-07:00,appendEntries,0.027013301849365234
sb.csv,2022-01-01T00:00:27.990116-07:00,appendEntries,0.026563167572021484
sb.csv,2022-01-01T00:00:28.016783-07:00,appendEntries,0.02661418914794922
sb.csv,2022-01-01T00:00:28.043279-07:00,appendEntries,0.026443004608154297
sb.csv,2022-01-01T00:00:28.070153-07:00,appendEntries,0.026824951171875
sb.csv,2022-01-01T00:00:28.096639-07:00,appendEntries,0.026437759399414062
sb.csv,2022-01-01T00:00:28.123215-07:00,appendEntries,0.026526927947998047
sb.csv,2022-01-01T00:00:28.149931-07:00,appendEntries,0.0266571044921875
sb.csv,2022-01-01T00:00:28.176552-07:00,appendEntries,0.02656698226928711
sb.csv,2022-01-01T00:00:28.203118-07:00,appendEntries,0.026512861251831055
sb.csv,2022-01-01T00:00:28.229743-07:00,appendEntries,0.02655792236328125
sb.csv,2022-01-01T00:00:28.256307-07:00,appendEntries,0.02649688720703125
sb.csv,2022-01-01T00:00:28.283110-07:00,appendEntries,0.026742935180664062
sb.csv,2022-01-01T00:00:28.309789-07:00,appendEntries,0.02661919593811035
sb.csv,2022-01-01T00:00:28.336946-07:00,appendEntries,0.02709817886352539
sb.csv,2022-01-01T00:00:28.363577-07:00,appendEntries,0.02657318115234375
sb.csv,2022-01-01T00:00:28.390428-07:00,appendEntries,0.026791810989379883
sb.csv,2022-01-01T00:00:28.417125-07:00,appendEntries,0.026633024215698242
sb.csv,2022-01-01T00:00:28.443793-07:00,appendEntries,0.02660202980041504
sb.csv,2022-01-01T00:00:28.470673-07:00,appendEntries,0.02682209014892578
sb.csv,2022-01-01T00:00:28.497394-07:00,appendEntries,0.026659011840820312
sb.csv,2022-01-01T00:00:28.524082-07:00,appendEntries,0.026629209518432617
sb.csv,2022-01-01T00:00:28.550886-07:00,appendEntries,0.026739835739135742
sb.csv,2022-01-01T00:00:28.577757-07:00,appendEntries,0.02680802345275879
sb.csv,2022-01-01T00:00:28.604598-07:00,appendEntries,0.026776790618896484
2b.csv,2022-01-01T00:00:28.631247-07:00,appendEntries,0.0265810489654541
2b.csv,2022-01-01T00:00:28.658032-07:00,appendEntries,0.026719093322753906
2b.csv,2022-01-01T00:00:28.684820-07:00,appendEntries,0.026721715927124023
2b.csv,2022-01-01T00:00:28.711660-07:00,appendEntries,0.026774168014526367
2b.csv,2022-01-01T00:00:28.738366-07:00,appendEntries,0.02663397789001465
2b.csv,2022-01-01T00:00:28.765027-07:00,appendEntries,0.02657318115234375
2b.csv,2022-01-01T00:00:28.791776-07:00,appendEntries,0.026675939559936523
2b.csv,2022-01-01T00:00:28.818572-07:00,appendEntries,0.02673482894897461
2b.csv,2022-01-01T00:00:28.845300-07:00,appendEntries,0.026665925979614258
2b.csv,2022-01-01T00:00:28.872073-07:00,appendEntries,0.026713848114013672
2b.csv,2022-01-01T00:00:28.898851-07:00,appendEntries,0.026712894439697266
2b.csv,2022-01-01T00:00:28.925571-07:00,appendEntries,0.026652097702026367
2b.csv,2022-01-01T00:00:28.952293-07:00,appendEntries,0.02666020393371582
2b.csv,2022-01-01T00:00:28.978790-07:00,appendEntries,0.02644038200378418
2b.csv,2022-01-01T00:00:29.005420-07:00,appendEntries,0.026564836502075195
2b.csv,2022-01-01T00:00:29.032260-07:00,appendEntries,0.026781797409057617
2b.csv,2022-01-01T00:00:29.059034-07:00,appendEntries,0.02671217918395996
2b.csv,2022-01-01T00:00:29.086131-07:00,appendEntries,0.027037382125854492
2b.csv,2022-01-01T00:00:29.112718-07:00,appendEntries,0.02652287483215332
2b.csv,2022-01-01T00:00:29.139395-07:00,appendEntries,0.026617050170898438
2b.csv,2022-01-01T00:00:29.166132-07:00,appendEntries,0.026668787002563477
2b.csv,2022-01-01T00:00:29.193073-07:00,appendEntries,0.02686905860900879
2b.csv,2022-01-01T00:00:29.219776-07:00,appendEntries,0.02664494514465332
2b.csv,2022-01-01T00:00:29.246485-07:00,appendEntries,0.026647090911865234
2b.csv,2022-01-01T00:00:29.273135-07:00,appendEntries,0.026585102081298828
2b.csv,2022-01-01T00:00:29.299864-07:00,appendEntries,0.026664018630981445
2b.csv,2022-01-01T00:00:29.326518-07:00,appendEntries,0.02660393714904785
2b.csv,2022-01-01T00:00:29.353227-07:00,appendEntries,0.02665877342224121
2b.csv,2022-01-01T00:00:29.379895-07:00,appendEntries,0.02657318115234375
2b.csv,2022-01-01T00:00:29.406542-07:00,appendEntries,0.02660202980041504
2b.csv,2022-01-01T00:00:29.433081-07:00,appendEntries,0.026488065719604492
2b.csv,2022-01-01T00:00:29.460272-07:00,appendEntries,0.027148008346557617
2b.csv,2022-01-01T00:00:29.486839-07:00,appendEntries,0.026527881622314453
2b.csv,2022-01-01T00:00:29.513251-07:00,appendEntries,0.02637004852294922
2b.csv,2022-01-01T00:00:29.540812-07:00,appendEntries,0.027517080307006836
2b.csv,2022-01-01T00:00:29.568109-07:00,appendEntries,0.027194976806640625
2b.csv,2022-01-01T00:00:29.595498-07:00,appendEntries,0.027291059494018555
2b.csv,2022-01-01T00:00:29.622752-07:00,appendEntries,0.027117013931274414
2b.csv,2022-01-01T00:00:29.650330-07:00,appendEntries,0.02744603157043457
2b.csv,2022-01-01T00:00:29.678256-07:00,appendEntries,0.02777099609375
2b.csv,2022-01-01T00:00:29.705826-07:00,appendEntries,0.027415037155151367
2b.csv,2022-01-01T00:00:29.732816-07:00,appendEntries,0.0269010066986084
2b.csv,2022-01-01T00:00:29.760447-07:00,appendEntries,0.02742600440979004
2b.csv,2022-01-01T00:00:29.787668-07:00,appendEntries,0.027116060256958008
2b.csv,2022-01-01T00:00:29.814825-07:00,appendEntries,0.02705097198486328
2b.csv,2022-01-01T00:00:29.842738-07:00,appendEntries,0.027722835540771484
2b.csv,2022-01-01T00:00:29.870374-07:00,appendEntries,0.027529001235961914
2b.csv,2022-01-01T00:00:29.898261-07:00,appendEntries,0.027781248092651367
2b.csv,2022-01-01T00:00:29.925782-07:00,appendEntries,0.02737903594970703
2b.csv,2022-01-01T00:00:29.953456-07:00,appendEntries,0.02756190299987793
2b.csv,2022-01-01T00:00:29.980890-07:00,appendEntries,0.02732396125793457
2b.csv,2022-01-01T00:00:30.008698-07:00,appendEntries,0.027692079544067383
2b.csv,2022-01-01T00:00:30.035679-07:00,appendEntries,0.026875019073486328
2b.csv,2022-01-01T00:00:30.062818-07:00,appendEntries,0.027054786682128906
2b.csv,2022-01-01T00:00:30.090738-07:00,appendEntries,0.027817964553833008
2b.csv,2022-01-01T00:00:30.118023-07:00,appendEntries,0.027057170867919922
2b.csv,2022-01-01T00:00:30.145400-07:00,appendEntries,0.02728724479675293
2b.csv,2022-01-01T00:00:30.172571-07:00,appendEntries,0.027066946029663086
2b.csv,2022-01-01T00:00:30.199531-07:00,appendEntries,0.02686285972595215
2b.csv,2022-01-01T00:00:30.226741-07:00,appendEntries,0.027126073837280273
2b.csv,2022-01-01T00:00:30.254299-07:00,appendEntries,0.027443885803222656
2b.csv,2022-01-01T00:00:30.284219-07:00,appendEntries,0.029806137084960938
2b.csv,2022-01-01T00:00:30.311693-07:00,appendEntries,0.027350187301635742
2b.csv,2022-01-01T00:00:30.339368-07:00,appendEntries,0.027564048767089844
2b.csv,2022-01-01T00:00:30.366748-07:00,appendEntries,0.027263164520263672
2b.csv,2022-01-01T00:00:30.393890-07:00,appendEntries,0.02701282501220703
2b.csv,2022-01-01T00:00:30.420850-07:00,appendEntries,0.026769161224365234
2b.csv,2022-01-01T00:00:30.447601-07:00,appendEntries,0.026666879653930664
2b.csv,2022-01-01T00:00:30.474455-07:00,appendEntries,0.02677297592163086
2b.csv,2022-01-01T00:00:30.501435-07:00,appendEntries,0.026905298233032227
2b.csv,2022-01-01T00:00:30.528176-07:00,appendEntries,0.0266721248626709
2b.csv,2022-01-01T00:00:30.554791-07:00,appendEntries,0.026549100875854492
2b.csv,2022-01-01T00:00:30.581561-07:00,appendEntries,0.026697874069213867
2b.csv,2022-01-01T00:00:30.608297-07:00,appendEntries,0.02666473388671875
2b.csv,2022-01-01T00:00:30.636621-07:00,appendEntries,0.02824878692626953
2b.csv,2022-01-01T00:00:30.663218-07:00,appendEntries,0.026524066925048828
2b.csv,2022-01-01T00:00:30.689757-07:00,appendEntries,0.02649402618408203
2b.csv,2022-01-01T00:00:30.717108-07:00,appendEntries,0.027294158935546875
2b.csv,2022-01-01T00:00:30.744892-07:00,appendEntries,0.027701139450073242
2b.csv,2022-01-01T00:00:30.771795-07:00,appendEntries,0.026813268661499023
2b.csv,2022-01-01T00:00:30.798542-07:00,appendEntries,0.026663780212402344
2b.csv,2022-01-01T00:00:30.825480-07:00,appendEntries,0.02686309814453125
2b.csv,2022-01-01T00:00:30.852418-07:00,appendEntries,0.026839017868041992
2b.csv,2022-01-01T00:00:30.879822-07:00,appendEntries,0.02731490135192871
2b.csv,2022-01-01T00:00:30.906954-07:00,appendEntries,0.027039051055908203
2b.csv,2022-01-01T00:00:30.934856-07:00,appendEntries,0.027826309204101562
2b.csv,2022-01-01T00:00:30.962244-07:00,appendEntries,0.027261972427368164
2b.csv,2022-01-01T00:00:30.989338-07:00,appendEntries,0.027016878128051758
2b.csv,2022-01-01T00:00:31.016885-07:00,appendEntries,0.027447938919067383
2b.csv,2022-01-01T00:00:31.043898-07:00,appendEntries,0.02689194679260254
2b.csv,2022-01-01T00:00:31.070880-07:00,appendEntries,0.026904821395874023
2b.csv,2022-01-01T00:00:31.098101-07:00,appendEntries,0.0271151065826416
2b.csv,2022-01-01T00:00:31.125665-07:00,appendEntries,0.02734994888305664
2b.csv,2022-01-01T00:00:31.153558-07:00,appendEntries,0.027499914169311523
2b.csv,2022-01-01T00:00:31.181066-07:00,appendEntries,0.027379274368286133
2b.csv,2022-01-01T00:00:31.208461-07:00,appendEntries,0.02713298797607422
2b.csv,2022-01-01T00:00:31.235476-07:00,appendEntries,0.02693486213684082
2b.csv,2022-01-01T00:00:31.262865-07:00,appendEntries,0.027273893356323242
2b.csv,2022-01-01T00:00:31.290248-07:00,appendEntries,0.027259111404418945
2b.csv,2022-01-01T00:00:31.317418-07:00,appendEntries,0.027077198028564453
2b.csv,2022-01-01T00:00:31.344837-07:00,appendEntries,0.02731490135192871
2b.csv,2022-01-01T00:00:31.373644-07:00,appendEntries,0.028683900833129883
2b.csv,2022-01-01T00:00:31.401173-07:00,appendEntries,0.02722620964050293
2b.csv,2022-01-01T00:00:31.428483-07:00,appendEntries,0.027187824249267578
2b.csv,2022-01-01T00:00:31.455945-07:00,appendEntries,0.027339935302734375
2b.csv,2022-01-01T00:00:31.483528-07:00,appendEntries,0.027446985244750977
2b.csv,2022-01-01T00:00:31.511573-07:00,appendEntries,0.027923107147216797
2b.csv,2022-01-01T00:00:31.539434-07:00,appendEntries,0.02774500846862793
2b.csv,2022-01-01T00:00:31.567108-07:00,appendEntries,0.02749800682067871
2b.csv,2022-01-01T00:00:31.594641-07:00,appendEntries,0.02726125717163086
2b.csv,2022-01-01T00:00:31.622528-07:00,appendEntries,0.02780294418334961
2b.csv,2022-01-01T00:00:31.649733-07:00,appendEntries,0.027005910873413086
2b.csv,2022-01-01T00:00:31.677314-07:00,appendEntries,0.027482986450195312
2b.csv,2022-01-01T00:00:31.706997-07:00,appendEntries,0.027765989303588867
2b.csv,2022-01-01T00:00:31.733771-07:00,appendEntries,0.02669382095336914
2b.csv,2022-01-01T00:00:31.760656-07:00,appendEntries,0.02681112289428711
2b.csv,2022-01-01T00:00:31.787712-07:00,appendEntries,0.02691817283630371
2b.csv,2022-01-01T00:00:31.815380-07:00,appendEntries,0.02753162384033203
2b.csv,2022-01-01T00:00:31.843713-07:00,appendEntries,0.02823328971862793
2b.csv,2022-01-01T00:00:31.871117-07:00,appendEntries,0.02726292610168457
2b.csv,2022-01-01T00:00:31.898336-07:00,appendEntries,0.02710866928100586
2b.csv,2022-01-01T00:00:31.925516-07:00,appendEntries,0.027102947235107422
2b.csv,2022-01-01T00:00:31.953212-07:00,appendEntries,0.027582168579101562
2b.csv,2022-01-01T00:00:31.979838-07:00,appendEntries,0.026559829711914062
2b.csv,2022-01-01T00:00:32.006797-07:00,appendEntries,0.026882648468017578
2b.csv,2022-01-01T00:00:32.034521-07:00,appendEntries,0.027608871459960938
2b.csv,2022-01-01T00:00:32.061573-07:00,appendEntries,0.026961088180541992
2b.csv,2022-01-01T00:00:32.088645-07:00,appendEntries,0.02695178985595703
2b.csv,2022-01-01T00:00:32.116571-07:00,appendEntries,0.027833223342895508
2b.csv,2022-01-01T00:00:32.144029-07:00,appendEntries,0.027312040328979492
2b.csv,2022-01-01T00:00:32.172513-07:00,appendEntries,0.02836012840270996
2b.csv,2022-01-01T00:00:32.199803-07:00,appendEntries,0.027163028717041016
2b.csv,2022-01-01T00:00:32.226571-07:00,appendEntries,0.026712894439697266
2b.csv,2022-01-01T00:00:32.253847-07:00,appendEntries,0.027176856994628906
2b.csv,2022-01-01T00:00:32.281156-07:00,appendEntries,0.027194976806640625
2b.csv,2022-01-01T00:00:32.309927-07:00,appendEntries,0.02864980697631836
2b.csv,2022-01-01T00:00:32.340561-07:00,appendEntries,0.030517101287841797
2b.csv,2022-01-01T00:00:32.367527-07:00,appendEntries,0.02687978744506836
2b.csv,2022-01-01T00:00:32.394488-07:00,appendEntries,0.02688002586364746
2b.csv,2022-01-01T00:00:32.421910-07:00,appendEntries,0.027315855026245117
2b.csv,2022-01-01T00:00:32.448953-07:00,appendEntries,0.026942968368530273
2b.csv,2022-01-01T00:00:32.476517-07:00,appendEntries,0.027469158172607422
2b.csv,2022-01-01T00:00:32.503855-07:00,appendEntries,0.02721881866455078
2b.csv,2022-01-01T00:00:32.530943-07:00,appendEntries,0.027008771896362305
2b.csv,2022-01-01T00:00:32.558081-07:00,appendEntries,0.027045011520385742
2b.csv,2022-01-01T00:00:32.585431-07:00,appendEntries,0.027229785919189453
2b.csv,2022-01-01T00:00:32.614487-07:00,appendEntries,0.028956174850463867
2b.csv,2022-01-01T00:00:32.641729-07:00,appendEntries,0.02712869644165039
2b.csv,2022-01-01T00:00:32.668704-07:00,appendEntries,0.02689385414123535
2b.csv,2022-01-01T00:00:32.695721-07:00,appendEntries,0.02694082260131836
2b.csv,2022-01-01T00:00:32.723265-07:00,appendEntries,0.0274660587310791
2b.csv,2022-01-01T00:00:32.751774-07:00,appendEntries,0.02839493751525879
2b.csv,2022-01-01T00:00:32.779499-07:00,appendEntries,0.02760910987854004
2b.csv,2022-01-01T00:00:32.806999-07:00,appendEntries,0.0273590087890625
2b.csv,2022-01-01T00:00:32.835104-07:00,appendEntries,0.02799201011657715
2b.csv,2022-01-01T00:00:32.862401-07:00,appendEntries,0.027183055877685547
2b.csv,2022-01-01T00:00:32.890539-07:00,appendEntries,0.028033018112182617
2b.csv,2022-01-01T00:00:32.918398-07:00,appendEntries,0.027712106704711914
2b.csv,2022-01-01T00:00:32.946662-07:00,appendEntries,0.028146743774414062
2b.csv,2022-01-01T00:00:32.974144-07:00,appendEntries,0.0273740291595459
2b.csv,2022-01-01T00:00:33.001729-07:00,appendEntries,0.027479887008666992
2b.csv,2022-01-01T00:00:33.030350-07:00,appendEntries,0.028505802154541016
2b.csv,2022-01-01T00:00:33.057504-07:00,appendEntries,0.02696514129638672
2b.csv,2022-01-01T00:00:33.085175-07:00,appendEntries,0.027575254440307617
2b.csv,2022-01-01T00:00:33.112409-07:00,appendEntries,0.027132749557495117
2b.csv,2022-01-01T00:00:33.140433-07:00,appendEntries,0.027906179428100586
2b.csv,2022-01-01T00:00:33.168824-07:00,appendEntries,0.02828502655029297
2b.csv,2022-01-01T00:00:33.195578-07:00,appendEntries,0.02666020393371582
2b.csv,2022-01-01T00:00:33.222550-07:00,appendEntries,0.026906967163085938
2b.csv,2022-01-01T00:00:33.251486-07:00,appendEntries,0.02883005142211914
2b.csv,2022-01-01T00:00:33.278800-07:00,appendEntries,0.02722311019897461
2b.csv,2022-01-01T00:00:33.306052-07:00,appendEntries,0.02713179588317871
2b.csv,2022-01-01T00:00:33.333468-07:00,appendEntries,0.027143239974975586
2b.csv,2022-01-01T00:00:33.361240-07:00,appendEntries,0.027682781219482422
2b.csv,2022-01-01T00:00:33.388979-07:00,appendEntries,0.027497053146362305
2b.csv,2022-01-01T00:00:33.416525-07:00,appendEntries,0.02744603157043457
2b.csv,2022-01-01T00:00:33.444839-07:00,appendEntries,0.02820301055908203
2b.csv,2022-01-01T00:00:33.472236-07:00,appendEntries,0.02729201316833496
2b.csv,2022-01-01T00:00:33.499682-07:00,appendEntries,0.027324914932250977
2b.csv,2022-01-01T00:00:33.526754-07:00,appendEntries,0.026974916458129883
2b.csv,2022-01-01T00:00:33.553848-07:00,appendEntries,0.026990890502929688
2b.csv,2022-01-01T00:00:33.581850-07:00,appendEntries,0.02785801887512207
2b.csv,2022-01-01T00:00:33.609051-07:00,appendEntries,0.02710413932800293
2b.csv,2022-01-01T00:00:33.636372-07:00,appendEntries,0.027201175689697266
2b.csv,2022-01-01T00:00:33.665768-07:00,appendEntries,0.029277324676513672
2b.csv,2022-01-01T00:00:33.693161-07:00,appendEntries,0.027186155319213867
2b.csv,2022-01-01T00:00:33.720123-07:00,appendEntries,0.026868820190429688
2b.csv,2022-01-01T00:00:33.747037-07:00,appendEntries,0.02683115005493164
2b.csv,2022-01-01T00:00:33.775160-07:00,appendEntries,0.02800774574279785
2b.csv,2022-01-01T00:00:33.802820-07:00,appendEntries,0.02754688262939453
2b.csv,2022-01-01T00:00:33.830671-07:00,appendEntries,0.02773284912109375
2b.csv,2022-01-01T00:00:33.858073-07:00,appendEntries,0.02722311019897461
2b.csv,2022-01-01T00:00:33.885221-07:00,appendEntries,0.02703094482421875
2b.csv,2022-01-01T00:00:33.912494-07:00,appendEntries,0.027174949645996094
2b.csv,2022-01-01T00:00:33.939529-07:00,appendEntries,0.026938199996948242
2b.csv,2022-01-01T00:00:33.966896-07:00,appendEntries,0.027270078659057617
2b.csv,2022-01-01T00:00:33.994537-07:00,appendEntries,0.0275270938873291
2b.csv,2022-01-01T00:00:34.022080-07:00,appendEntries,0.027431011199951172
2b.csv,2022-01-01T00:00:34.051993-07:00,appendEntries,0.02981400489807129
2b.csv,2022-01-01T00:00:34.079251-07:00,appendEntries,0.027167797088623047
2b.csv,2022-01-01T00:00:34.106406-07:00,appendEntries,0.02705693244934082
2b.csv,2022-01-01T00:00:34.134266-07:00,appendEntries,0.027720928192138672
2b.csv,2022-01-01T00:00:34.165580-07:00,appendEntries,0.03118896484375
2b.csv,2022-01-01T00:00:34.192681-07:00,appendEntries,0.026996135711669922
2b.csv,2022-01-01T00:00:34.219682-07:00,appendEntries,0.026921987533569336
2b.csv,2022-01-01T00:00:34.246666-07:00,appendEntries,0.026905059814453125
2b.csv,2022-01-01T00:00:34.273711-07:00,appendEntries,0.026945114135742188
2b.csv,2022-01-01T00:00:34.301177-07:00,appendEntries,0.02735114097595215
2b.csv,2022-01-01T00:00:34.328636-07:00,appendEntries,0.027244091033935547
2b.csv,2022-01-01T00:00:34.358481-07:00,appendEntries,0.029707908630371094
2b.csv,2022-01-01T00:00:34.385548-07:00,appendEntries,0.026966094970703125
2b.csv,2022-01-01T00:00:34.412213-07:00,appendEntries,0.026602983474731445
2b.csv,2022-01-01T00:00:34.438599-07:00,appendEntries,0.02633976936340332
2b.csv,2022-01-01T00:00:34.465043-07:00,appendEntries,0.02640700340270996
2b.csv,2022-01-01T00:00:34.491509-07:00,appendEntries,0.026426076889038086
2b.csv,2022-01-01T00:00:34.518100-07:00,appendEntries,0.026547908782958984
2b.csv,2022-01-01T00:00:34.544581-07:00,appendEntries,0.026433944702148438
2b.csv,2022-01-01T00:00:34.571224-07:00,appendEntries,0.02659010887145996
2b.csv,2022-01-01T00:00:34.597903-07:00,appendEntries,0.02662801742553711
2b.csv,2022-01-01T00:00:34.624591-07:00,appendEntries,0.026626110076904297
2b.csv,2022-01-01T00:00:34.651383-07:00,appendEntries,0.026730060577392578
2b.csv,2022-01-01T00:00:34.678239-07:00,appendEntries,0.0267946720123291
2b.csv,2022-01-01T00:00:34.705235-07:00,appendEntries,0.02691817283630371
2b.csv,2022-01-01T00:00:34.732223-07:00,appendEntries,0.02690601348876953
2b.csv,2022-01-01T00:00:34.759793-07:00,appendEntries,0.027471065521240234
2b.csv,2022-01-01T00:00:34.787117-07:00,appendEntries,0.027200937271118164
2b.csv,2022-01-01T00:00:34.814690-07:00,appendEntries,0.02742767333984375
2b.csv,2022-01-01T00:00:34.842028-07:00,appendEntries,0.02724003791809082
2b.csv,2022-01-01T00:00:34.869487-07:00,appendEntries,0.0273590087890625
2b.csv,2022-01-01T00:00:34.897383-07:00,appendEntries,0.027778148651123047
2b.csv,2022-01-01T00:00:34.925342-07:00,appendEntries,0.027834177017211914
2b.csv,2022-01-01T00:00:34.953706-07:00,appendEntries,0.028248071670532227
2b.csv,2022-01-01T00:00:34.981156-07:00,appendEntries,0.027345895767211914
2b.csv,2022-01-01T00:00:35.009345-07:00,appendEntries,0.027807950973510742
2b.csv,2022-01-01T00:00:35.036965-07:00,appendEntries,0.027500152587890625
2b.csv,2022-01-01T00:00:35.064768-07:00,appendEntries,0.027714014053344727
2b.csv,2022-01-01T00:00:35.092464-07:00,appendEntries,0.02758502960205078
2b.csv,2022-01-01T00:00:35.120001-07:00,appendEntries,0.027415752410888672
2b.csv,2022-01-01T00:00:35.147692-07:00,appendEntries,0.027591943740844727
2b.csv,2022-01-01T00:00:35.175915-07:00,appendEntries,0.028100967407226562
2b.csv,2022-01-01T00:00:35.205336-07:00,appendEntries,0.029309988021850586
2b.csv,2022-01-01T00:00:35.232272-07:00,appendEntries,0.026853084564208984
2b.csv,2022-01-01T00:00:35.259447-07:00,appendEntries,0.02707362174987793
2b.csv,2022-01-01T00:00:35.287178-07:00,appendEntries,0.027627944946289062
2b.csv,2022-01-01T00:00:35.315912-07:00,appendEntries,0.028593063354492188
2b.csv,2022-01-01T00:00:35.343343-07:00,appendEntries,0.027302026748657227
2b.csv,2022-01-01T00:00:35.371742-07:00,appendEntries,0.028298377990722656
2b.csv,2022-01-01T00:00:35.398873-07:00,appendEntries,0.027013778686523438
2b.csv,2022-01-01T00:00:35.426685-07:00,appendEntries,0.02771306037902832
2b.csv,2022-01-01T00:00:35.453809-07:00,appendEntries,0.02702617645263672
2b.csv,2022-01-01T00:00:35.480719-07:00,appendEntries,0.026830196380615234
2b.csv,2022-01-01T00:00:35.507872-07:00,appendEntries,0.027075767517089844
2b.csv,2022-01-01T00:00:35.534872-07:00,appendEntries,0.026898860931396484
2b.csv,2022-01-01T00:00:35.561821-07:00,appendEntries,0.026874303817749023
2b.csv,2022-01-01T00:00:35.590499-07:00,appendEntries,0.028586864471435547
2b.csv,2022-01-01T00:00:35.618918-07:00,appendEntries,0.028294086456298828
2b.csv,2022-01-01T00:00:35.645598-07:00,appendEntries,0.026600360870361328
2b.csv,2022-01-01T00:00:35.672643-07:00,appendEntries,0.026941776275634766
2b.csv,2022-01-01T00:00:35.699343-07:00,appendEntries,0.02661585807800293
2b.csv,2022-01-01T00:00:35.726171-07:00,appendEntries,0.026751995086669922
2b.csv,2022-01-01T00:00:35.754092-07:00,appendEntries,0.027843713760375977
2b.csv,2022-01-01T00:00:35.781268-07:00,appendEntries,0.027085065841674805
2b.csv,2022-01-01T00:00:35.809037-07:00,appendEntries,0.027660846710205078
2b.csv,2022-01-01T00:00:35.836328-07:00,appendEntries,0.02718520164489746
2b.csv,2022-01-01T00:00:35.864662-07:00,appendEntries,0.028234004974365234
2b.csv,2022-01-01T00:00:35.892051-07:00,appendEntries,0.02712106704711914
2b.csv,2022-01-01T00:00:35.919644-07:00,appendEntries,0.02747797966003418
2b.csv,2022-01-01T00:00:35.947254-07:00,appendEntries,0.02744889259338379
2b.csv,2022-01-01T00:00:35.974294-07:00,appendEntries,0.02695488929748535
2b.csv,2022-01-01T00:00:36.001183-07:00,appendEntries,0.026788949966430664
2b.csv,2022-01-01T00:00:36.028169-07:00,appendEntries,0.026896238327026367
2b.csv,2022-01-01T00:00:36.055817-07:00,appendEntries,0.027541160583496094
2b.csv,2022-01-01T00:00:36.083023-07:00,appendEntries,0.027106046676635742
2b.csv,2022-01-01T00:00:36.110293-07:00,appendEntries,0.027159929275512695
2b.csv,2022-01-01T00:00:36.137642-07:00,appendEntries,0.027240276336669922
2b.csv,2022-01-01T00:00:36.165143-07:00,appendEntries,0.02735590934753418
2b.csv,2022-01-01T00:00:36.192723-07:00,appendEntries,0.02748584747314453
2b.csv,2022-01-01T00:00:36.220575-07:00,appendEntries,0.02773118019104004
2b.csv,2022-01-01T00:00:36.248709-07:00,appendEntries,0.02803206443786621
2b.csv,2022-01-01T00:00:36.276268-07:00,appendEntries,0.027418851852416992
2b.csv,2022-01-01T00:00:36.303447-07:00,appendEntries,0.027032852172851562
2b.csv,2022-01-01T00:00:36.330749-07:00,appendEntries,0.027209043502807617
2b.csv,2022-01-01T00:00:36.358632-07:00,appendEntries,0.027714967727661133
2b.csv,2022-01-01T00:00:36.386852-07:00,appendEntries,0.028074026107788086
2b.csv,2022-01-01T00:00:36.414713-07:00,appendEntries,0.027743816375732422
2b.csv,2022-01-01T00:00:36.442928-07:00,appendEntries,0.0280759334564209
2b.csv,2022-01-01T00:00:36.472733-07:00,appendEntries,0.029702186584472656
2b.csv,2022-01-01T00:00:36.500274-07:00,appendEntries,0.027431249618530273
2b.csv,2022-01-01T00:00:36.527826-07:00,appendEntries,0.027453899383544922
2b.csv,2022-01-01T00:00:36.555488-07:00,appendEntries,0.027570009231567383
2b.csv,2022-01-01T00:00:36.582648-07:00,appendEntries,0.027055978775024414
2b.csv,2022-01-01T00:00:36.609821-07:00,appendEntries,0.02707815170288086
2b.csv,2022-01-01T00:00:36.637262-07:00,appendEntries,0.02734375
2b.csv,2022-01-01T00:00:36.664873-07:00,appendEntries,0.027384042739868164
2b.csv,2022-01-01T00:00:36.692266-07:00,appendEntries,0.027292251586914062
2b.csv,2022-01-01T00:00:36.719574-07:00,appendEntries,0.02720189094543457
2b.csv,2022-01-01T00:00:36.747197-07:00,appendEntries,0.02751779556274414
2b.csv,2022-01-01T00:00:36.774819-07:00,appendEntries,0.027481794357299805
2b.csv,2022-01-01T00:00:36.801923-07:00,appendEntries,0.026996135711669922
2b.csv,2022-01-01T00:00:36.828887-07:00,appendEntries,0.026868104934692383
2b.csv,2022-01-01T00:00:36.856995-07:00,appendEntries,0.02800583839416504
2b.csv,2022-01-01T00:00:36.884410-07:00,appendEntries,0.027291297912597656
2b.csv,2022-01-01T00:00:36.911766-07:00,appendEntries,0.027185916900634766
2b.csv,2022-01-01T00:00:36.939833-07:00,appendEntries,0.027949810028076172
2b.csv,2022-01-01T00:00:36.967599-07:00,appendEntries,0.027525901794433594
2b.csv,2022-01-01T00:00:36.995277-07:00,appendEntries,0.027575969696044922
2b.csv,2022-01-01T00:00:37.022640-07:00,appendEntries,0.027265071868896484
2b.csv,2022-01-01T00:00:37.051492-07:00,appendEntries,0.02874588966369629
2b.csv,2022-01-01T00:00:37.078780-07:00,appendEntries,0.027179956436157227
2b.csv,2022-01-01T00:00:37.106625-07:00,appendEntries,0.02770686149597168
2b.csv,2022-01-01T00:00:37.134113-07:00,appendEntries,0.02733898162841797
2b.csv,2022-01-01T00:00:37.162779-07:00,appendEntries,0.028548240661621094
2b.csv,2022-01-01T00:00:37.191686-07:00,appendEntries,0.028802156448364258
2b.csv,2022-01-01T00:00:37.218707-07:00,appendEntries,0.026937007904052734
2b.csv,2022-01-01T00:00:37.245856-07:00,appendEntries,0.027067899703979492
2b.csv,2022-01-01T00:00:37.273631-07:00,appendEntries,0.027685165405273438
2b.csv,2022-01-01T00:00:37.301514-07:00,appendEntries,0.027761220932006836
2b.csv,2022-01-01T00:00:37.330929-07:00,appendEntries,0.029273271560668945
2b.csv,2022-01-01T00:00:37.358508-07:00,appendEntries,0.02744126319885254
2b.csv,2022-01-01T00:00:37.386454-07:00,appendEntries,0.0278017520904541
2b.csv,2022-01-01T00:00:37.414250-07:00,appendEntries,0.027680158615112305
2b.csv,2022-01-01T00:00:37.442565-07:00,appendEntries,0.028178930282592773
2b.csv,2022-01-01T00:00:37.469769-07:00,appendEntries,0.027081966400146484
2b.csv,2022-01-01T00:00:37.497329-07:00,appendEntries,0.02744913101196289
2b.csv,2022-01-01T00:00:37.524795-07:00,appendEntries,0.02734994888305664
2b.csv,2022-01-01T00:00:37.552139-07:00,appendEntries,0.027219772338867188
2b.csv,2022-01-01T00:00:37.580437-07:00,appendEntries,0.02818012237548828
2b.csv,2022-01-01T00:00:37.607938-07:00,appendEntries,0.02732086181640625
2b.csv,2022-01-01T00:00:37.635410-07:00,appendEntries,0.027343034744262695
2b.csv,2022-01-01T00:00:37.662739-07:00,appendEntries,0.027187108993530273
2b.csv,2022-01-01T00:00:37.690715-07:00,appendEntries,0.027876853942871094
2b.csv,2022-01-01T00:00:37.719048-07:00,appendEntries,0.028210163116455078
2b.csv,2022-01-01T00:00:37.746604-07:00,appendEntries,0.027445077896118164
2b.csv,2022-01-01T00:00:37.774186-07:00,appendEntries,0.027437925338745117
2b.csv,2022-01-01T00:00:37.801737-07:00,appendEntries,0.0274050235748291
2b.csv,2022-01-01T00:00:37.829044-07:00,appendEntries,0.027205228805541992
2b.csv,2022-01-01T00:00:37.856585-07:00,appendEntries,0.027426958084106445
2b.csv,2022-01-01T00:00:37.884183-07:00,appendEntries,0.027473926544189453
2b.csv,2022-01-01T00:00:37.911863-07:00,appendEntries,0.027534008026123047
2b.csv,2022-01-01T00:00:37.940152-07:00,appendEntries,0.02818894386291504
2b.csv,2022-01-01T00:00:37.968050-07:00,appendEntries,0.027775049209594727
2b.csv,2022-01-01T00:00:37.995951-07:00,appendEntries,0.0277559757232666
2b.csv,2022-01-01T00:00:38.024229-07:00,appendEntries,0.028142213821411133
2b.csv,2022-01-01T00:00:38.051908-07:00,appendEntries,0.027573108673095703
2b.csv,2022-01-01T00:00:38.079253-07:00,appendEntries,0.02719712257385254
2b.csv,2022-01-01T00:00:38.106802-07:00,appendEntries,0.0274350643157959
2b.csv,2022-01-01T00:00:38.134489-07:00,appendEntries,0.027563095092773438
2b.csv,2022-01-01T00:00:38.167345-07:00,appendEntries,0.03273606300354004
2b.csv,2022-01-01T00:00:38.194828-07:00,appendEntries,0.02697300910949707
2b.csv,2022-01-01T00:00:38.221962-07:00,appendEntries,0.027050256729125977
2b.csv,2022-01-01T00:00:38.248932-07:00,appendEntries,0.026870012283325195
2b.csv,2022-01-01T00:00:38.276352-07:00,appendEntries,0.02733016014099121
2b.csv,2022-01-01T00:00:38.303523-07:00,appendEntries,0.027046918869018555
2b.csv,2022-01-01T00:00:38.331162-07:00,appendEntries,0.027525901794433594
2b.csv,2022-01-01T00:00:38.358854-07:00,appendEntries,0.027552127838134766
2b.csv,2022-01-01T00:00:38.386286-07:00,appendEntries,0.027310848236083984
2b.csv,2022-01-01T00:00:38.413841-07:00,appendEntries,0.027409076690673828
2b.csv,2022-01-01T00:00:38.441056-07:00,appendEntries,0.027115583419799805
2b.csv,2022-01-01T00:00:38.468745-07:00,appendEntries,0.02758312225341797
2b.csv,2022-01-01T00:00:38.496423-07:00,appendEntries,0.02753424644470215
2b.csv,2022-01-01T00:00:38.523829-07:00,appendEntries,0.027280092239379883
2b.csv,2022-01-01T00:00:38.551046-07:00,appendEntries,0.027096271514892578
2b.csv,2022-01-01T00:00:38.579088-07:00,appendEntries,0.02783989906311035
2b.csv,2022-01-01T00:00:38.606521-07:00,appendEntries,0.027320146560668945
2b.csv,2022-01-01T00:00:38.635046-07:00,appendEntries,0.028403043746948242
2b.csv,2022-01-01T00:00:38.665070-07:00,appendEntries,0.02988290786743164
2b.csv,2022-01-01T00:00:38.692260-07:00,appendEntries,0.02710700035095215
2b.csv,2022-01-01T00:00:38.719218-07:00,appendEntries,0.026868820190429688
2b.csv,2022-01-01T00:00:38.746293-07:00,appendEntries,0.026992082595825195
2b.csv,2022-01-01T00:00:38.773890-07:00,appendEntries,0.02748394012451172
2b.csv,2022-01-01T00:00:38.801522-07:00,appendEntries,0.0275270938873291
2b.csv,2022-01-01T00:00:38.828647-07:00,appendEntries,0.027029991149902344
2b.csv,2022-01-01T00:00:38.856529-07:00,appendEntries,0.027782917022705078
2b.csv,2022-01-01T00:00:38.884467-07:00,appendEntries,0.027791976928710938
2b.csv,2022-01-01T00:00:38.912207-07:00,appendEntries,0.027595043182373047
2b.csv,2022-01-01T00:00:38.940216-07:00,appendEntries,0.027870893478393555
2b.csv,2022-01-01T00:00:38.968860-07:00,appendEntries,0.028519868850708008
2b.csv,2022-01-01T00:00:38.996113-07:00,appendEntries,0.027126073837280273
2b.csv,2022-01-01T00:00:39.024717-07:00,appendEntries,0.02846693992614746
2b.csv,2022-01-01T00:00:39.052048-07:00,appendEntries,0.027225971221923828
2b.csv,2022-01-01T00:00:39.079165-07:00,appendEntries,0.027012109756469727
2b.csv,2022-01-01T00:00:39.106898-07:00,appendEntries,0.027617931365966797
2b.csv,2022-01-01T00:00:39.134295-07:00,appendEntries,0.027250051498413086
2b.csv,2022-01-01T00:00:39.161898-07:00,appendEntries,0.02721881866455078
2b.csv,2022-01-01T00:00:39.190381-07:00,appendEntries,0.028385162353515625
2b.csv,2022-01-01T00:00:39.217364-07:00,appendEntries,0.02687692642211914
2b.csv,2022-01-01T00:00:39.244527-07:00,appendEntries,0.027082204818725586
2b.csv,2022-01-01T00:00:39.272128-07:00,appendEntries,0.027501821517944336
2b.csv,2022-01-01T00:00:39.299702-07:00,appendEntries,0.0274660587310791
2b.csv,2022-01-01T00:00:39.326851-07:00,appendEntries,0.027034759521484375
2b.csv,2022-01-01T00:00:39.355605-07:00,appendEntries,0.02774190902709961
2b.csv,2022-01-01T00:00:39.382926-07:00,appendEntries,0.02723407745361328
2b.csv,2022-01-01T00:00:39.409520-07:00,appendEntries,0.026530981063842773
2b.csv,2022-01-01T00:00:39.436057-07:00,appendEntries,0.026488065719604492
2b.csv,2022-01-01T00:00:39.462528-07:00,appendEntries,0.026419878005981445
2b.csv,2022-01-01T00:00:39.489016-07:00,appendEntries,0.026443004608154297
2b.csv,2022-01-01T00:00:39.515625-07:00,appendEntries,0.02656078338623047
2b.csv,2022-01-01T00:00:39.542370-07:00,appendEntries,0.026691913604736328
2b.csv,2022-01-01T00:00:39.569142-07:00,appendEntries,0.0267179012298584
2b.csv,2022-01-01T00:00:39.595961-07:00,appendEntries,0.02675795555114746
2b.csv,2022-01-01T00:00:39.622627-07:00,appendEntries,0.026593923568725586
2b.csv,2022-01-01T00:00:39.649586-07:00,appendEntries,0.02688884735107422
2b.csv,2022-01-01T00:00:39.676913-07:00,appendEntries,0.027129173278808594
2b.csv,2022-01-01T00:00:39.703982-07:00,appendEntries,0.02695918083190918
2b.csv,2022-01-01T00:00:39.730836-07:00,appendEntries,0.026797056198120117
2b.csv,2022-01-01T00:00:39.758833-07:00,appendEntries,0.02790212631225586
2b.csv,2022-01-01T00:00:39.787029-07:00,appendEntries,0.028048038482666016
2b.csv,2022-01-01T00:00:39.814809-07:00,appendEntries,0.027672767639160156
2b.csv,2022-01-01T00:00:39.842580-07:00,appendEntries,0.027652978897094727
2b.csv,2022-01-01T00:00:39.869976-07:00,appendEntries,0.027299880981445312
2b.csv,2022-01-01T00:00:39.897438-07:00,appendEntries,0.027319908142089844
2b.csv,2022-01-01T00:00:39.924696-07:00,appendEntries,0.027161836624145508
2b.csv,2022-01-01T00:00:39.952912-07:00,appendEntries,0.028122901916503906
2b.csv,2022-01-01T00:00:39.980871-07:00,appendEntries,0.027814149856567383
2b.csv,2022-01-01T00:00:40.009963-07:00,appendEntries,0.028995037078857422
2b.csv,2022-01-01T00:00:40.037809-07:00,appendEntries,0.027724027633666992
2b.csv,2022-01-01T00:00:40.066758-07:00,appendEntries,0.028782129287719727
2b.csv,2022-01-01T00:00:40.094036-07:00,appendEntries,0.027180194854736328
2b.csv,2022-01-01T00:00:40.121621-07:00,appendEntries,0.027292251586914062
2b.csv,2022-01-01T00:00:40.149062-07:00,appendEntries,0.02730393409729004
2b.csv,2022-01-01T00:00:40.177254-07:00,appendEntries,0.028070926666259766
2b.csv,2022-01-01T00:00:40.204131-07:00,appendEntries,0.026779890060424805
2b.csv,2022-01-01T00:00:40.231077-07:00,appendEntries,0.026858091354370117
2b.csv,2022-01-01T00:00:40.257954-07:00,appendEntries,0.026723146438598633
2b.csv,2022-01-01T00:00:40.284937-07:00,appendEntries,0.02690911293029785
2b.csv,2022-01-01T00:00:40.312469-07:00,appendEntries,0.027311086654663086
2b.csv,2022-01-01T00:00:40.341116-07:00,appendEntries,0.028522014617919922
2b.csv,2022-01-01T00:00:40.368841-07:00,appendEntries,0.027614831924438477
2b.csv,2022-01-01T00:00:40.395933-07:00,appendEntries,0.026988983154296875
2b.csv,2022-01-01T00:00:40.422985-07:00,appendEntries,0.026971101760864258
2b.csv,2022-01-01T00:00:40.449997-07:00,appendEntries,0.02692389488220215
2b.csv,2022-01-01T00:00:40.477449-07:00,appendEntries,0.0273590087890625
2b.csv,2022-01-01T00:00:40.504822-07:00,appendEntries,0.027253150939941406
2b.csv,2022-01-01T00:00:40.532207-07:00,appendEntries,0.027245044708251953
2b.csv,2022-01-01T00:00:40.559940-07:00,appendEntries,0.027630090713500977
2b.csv,2022-01-01T00:00:40.587035-07:00,appendEntries,0.02698683738708496
2b.csv,2022-01-01T00:00:40.614364-07:00,appendEntries,0.027148962020874023
2b.csv,2022-01-01T00:00:40.641611-07:00,appendEntries,0.027127981185913086
2b.csv,2022-01-01T00:00:40.668951-07:00,appendEntries,0.02722001075744629
2b.csv,2022-01-01T00:00:40.695960-07:00,appendEntries,0.026913166046142578
2b.csv,2022-01-01T00:00:40.722757-07:00,appendEntries,0.026705265045166016
2b.csv,2022-01-01T00:00:40.749691-07:00,appendEntries,0.02685999870300293
2b.csv,2022-01-01T00:00:40.776746-07:00,appendEntries,0.026979923248291016
2b.csv,2022-01-01T00:00:40.803707-07:00,appendEntries,0.026885986328125
2b.csv,2022-01-01T00:00:40.831262-07:00,appendEntries,0.027478933334350586
2b.csv,2022-01-01T00:00:40.858062-07:00,appendEntries,0.02672886848449707
2b.csv,2022-01-01T00:00:40.884905-07:00,appendEntries,0.026777982711791992
2b.csv,2022-01-01T00:00:40.911702-07:00,appendEntries,0.026733875274658203
2b.csv,2022-01-01T00:00:40.938884-07:00,appendEntries,0.027120113372802734
2b.csv,2022-01-01T00:00:40.965930-07:00,appendEntries,0.02698802947998047
2b.csv,2022-01-01T00:00:40.992793-07:00,appendEntries,0.026807069778442383
2b.csv,2022-01-01T00:00:41.019378-07:00,appendEntries,0.026533126831054688
2b.csv,2022-01-01T00:00:41.045844-07:00,appendEntries,0.026414871215820312
2b.csv,2022-01-01T00:00:41.072388-07:00,appendEntries,0.026490211486816406
2b.csv,2022-01-01T00:00:41.099123-07:00,appendEntries,0.02668309211730957
2b.csv,2022-01-01T00:00:41.125877-07:00,appendEntries,0.026697874069213867
2b.csv,2022-01-01T00:00:41.152552-07:00,appendEntries,0.02662491798400879
2b.csv,2022-01-01T00:00:41.179937-07:00,appendEntries,0.027331829071044922
2b.csv,2022-01-01T00:00:41.206671-07:00,appendEntries,0.026681184768676758
2b.csv,2022-01-01T00:00:41.233437-07:00,appendEntries,0.0267183780670166
2b.csv,2022-01-01T00:00:41.260158-07:00,appendEntries,0.026668787002563477
2b.csv,2022-01-01T00:00:41.286947-07:00,appendEntries,0.026731014251708984
2b.csv,2022-01-01T00:00:41.313843-07:00,appendEntries,0.026839017868041992
2b.csv,2022-01-01T00:00:41.340594-07:00,appendEntries,0.026693105697631836
2b.csv,2022-01-01T00:00:41.367159-07:00,appendEntries,0.026512861251831055
2b.csv,2022-01-01T00:00:41.393876-07:00,appendEntries,0.02666497230529785
2b.csv,2022-01-01T00:00:41.420442-07:00,appendEntries,0.02651691436767578
2b.csv,2022-01-01T00:00:41.447335-07:00,appendEntries,0.02684307098388672
2b.csv,2022-01-01T00:00:41.473932-07:00,appendEntries,0.026546955108642578
2b.csv,2022-01-01T00:00:41.501145-07:00,appendEntries,0.027149200439453125
2b.csv,2022-01-01T00:00:41.527841-07:00,appendEntries,0.02663707733154297
2b.csv,2022-01-01T00:00:41.554563-07:00,appendEntries,0.026675939559936523
2b.csv,2022-01-01T00:00:41.581130-07:00,appendEntries,0.026521921157836914
2b.csv,2022-01-01T00:00:41.607571-07:00,appendEntries,0.026387929916381836
2b.csv,2022-01-01T00:00:41.634092-07:00,appendEntries,0.026472806930541992
2b.csv,2022-01-01T00:00:41.660661-07:00,appendEntries,0.026521682739257812
2b.csv,2022-01-01T00:00:41.686985-07:00,appendEntries,0.026280879974365234
2b.csv,2022-01-01T00:00:41.713861-07:00,appendEntries,0.026824951171875
2b.csv,2022-01-01T00:00:41.740268-07:00,appendEntries,0.026362895965576172
2b.csv,2022-01-01T00:00:41.767249-07:00,appendEntries,0.026936054229736328
2b.csv,2022-01-01T00:00:41.793770-07:00,appendEntries,0.026482820510864258
2b.csv,2022-01-01T00:00:41.820308-07:00,appendEntries,0.02649974822998047
2b.csv,2022-01-01T00:00:41.848068-07:00,appendEntries,0.027718305587768555
2b.csv,2022-01-01T00:00:41.874575-07:00,appendEntries,0.026458024978637695
2b.csv,2022-01-01T00:00:41.901673-07:00,appendEntries,0.027054786682128906
2b.csv,2022-01-01T00:00:41.928409-07:00,appendEntries,0.0266878604888916
2b.csv,2022-01-01T00:00:41.955095-07:00,appendEntries,0.02663898468017578
2b.csv,2022-01-01T00:00:41.981573-07:00,appendEntries,0.02642989158630371
2b.csv,2022-01-01T00:00:42.008169-07:00,appendEntries,0.0265347957611084
2b.csv,2022-01-01T00:00:42.034842-07:00,appendEntries,0.026615142822265625
2b.csv,2022-01-01T00:00:42.061376-07:00,appendEntries,0.026482105255126953
2b.csv,2022-01-01T00:00:42.088084-07:00,appendEntries,0.026655912399291992
2b.csv,2022-01-01T00:00:42.114970-07:00,appendEntries,0.02683115005493164
2b.csv,2022-01-01T00:00:42.141716-07:00,appendEntries,0.026684045791625977
2b.csv,2022-01-01T00:00:42.168811-07:00,appendEntries,0.02702498435974121
2b.csv,2022-01-01T00:00:42.196289-07:00,appendEntries,0.027403593063354492
2b.csv,2022-01-01T00:00:42.223817-07:00,appendEntries,0.027431249618530273
2b.csv,2022-01-01T00:00:42.251787-07:00,appendEntries,0.027850866317749023
2b.csv,2022-01-01T00:00:42.279472-07:00,appendEntries,0.027543067932128906
2b.csv,2022-01-01T00:00:42.306810-07:00,appendEntries,0.02721095085144043
2b.csv,2022-01-01T00:00:42.334452-07:00,appendEntries,0.027550220489501953
2b.csv,2022-01-01T00:00:42.362147-07:00,appendEntries,0.02757883071899414
2b.csv,2022-01-01T00:00:42.389312-07:00,appendEntries,0.027057170867919922
2b.csv,2022-01-01T00:00:42.417423-07:00,appendEntries,0.027817964553833008
2b.csv,2022-01-01T00:00:42.445575-07:00,appendEntries,0.027712106704711914
2b.csv,2022-01-01T00:00:42.473188-07:00,appendEntries,0.02748894691467285
2b.csv,2022-01-01T00:00:42.502048-07:00,appendEntries,0.0287320613861084
2b.csv,2022-01-01T00:00:42.529308-07:00,appendEntries,0.027144908905029297
2b.csv,2022-01-01T00:00:42.556149-07:00,appendEntries,0.02676677703857422
2b.csv,2022-01-01T00:00:42.583002-07:00,appendEntries,0.026787996292114258
2b.csv,2022-01-01T00:00:42.609694-07:00,appendEntries,0.02663397789001465
2b.csv,2022-01-01T00:00:42.636455-07:00,appendEntries,0.026694059371948242
2b.csv,2022-01-01T00:00:42.663130-07:00,appendEntries,0.026610851287841797
2b.csv,2022-01-01T00:00:42.690742-07:00,appendEntries,0.027540922164916992
2b.csv,2022-01-01T00:00:42.718136-07:00,appendEntries,0.02726888656616211
2b.csv,2022-01-01T00:00:42.745235-07:00,appendEntries,0.026977062225341797
2b.csv,2022-01-01T00:00:42.772592-07:00,appendEntries,0.027258872985839844
2b.csv,2022-01-01T00:00:42.799938-07:00,appendEntries,0.027237892150878906
2b.csv,2022-01-01T00:00:42.827420-07:00,appendEntries,0.0273740291595459
2b.csv,2022-01-01T00:00:42.854954-07:00,appendEntries,0.027428150177001953
2b.csv,2022-01-01T00:00:42.883822-07:00,appendEntries,0.02874302864074707
2b.csv,2022-01-01T00:00:42.911559-07:00,appendEntries,0.02759385108947754
2b.csv,2022-01-01T00:00:42.938421-07:00,appendEntries,0.026776790618896484
2b.csv,2022-01-01T00:00:42.965142-07:00,appendEntries,0.026649951934814453
2b.csv,2022-01-01T00:00:42.992088-07:00,appendEntries,0.026881933212280273
2b.csv,2022-01-01T00:00:43.018856-07:00,appendEntries,0.0267031192779541
2b.csv,2022-01-01T00:00:43.045580-07:00,appendEntries,0.02666306495666504
2b.csv,2022-01-01T00:00:43.072352-07:00,appendEntries,0.026714801788330078
2b.csv,2022-01-01T00:00:43.099128-07:00,appendEntries,0.026716947555541992
2b.csv,2022-01-01T00:00:43.125792-07:00,appendEntries,0.02660083770751953
2b.csv,2022-01-01T00:00:43.152352-07:00,appendEntries,0.026504039764404297
2b.csv,2022-01-01T00:00:43.179150-07:00,appendEntries,0.02673506736755371
2b.csv,2022-01-01T00:00:43.205839-07:00,appendEntries,0.026623010635375977
2b.csv,2022-01-01T00:00:43.232702-07:00,appendEntries,0.026797771453857422
2b.csv,2022-01-01T00:00:43.259347-07:00,appendEntries,0.026585817337036133
2b.csv,2022-01-01T00:00:43.286066-07:00,appendEntries,0.026661157608032227
2b.csv,2022-01-01T00:00:43.312859-07:00,appendEntries,0.02673196792602539
2b.csv,2022-01-01T00:00:43.339574-07:00,appendEntries,0.026651859283447266
2b.csv,2022-01-01T00:00:43.366392-07:00,appendEntries,0.026757001876831055
2b.csv,2022-01-01T00:00:43.393087-07:00,appendEntries,0.026630878448486328
2b.csv,2022-01-01T00:00:43.419790-07:00,appendEntries,0.026638031005859375
2b.csv,2022-01-01T00:00:43.446368-07:00,appendEntries,0.026512861251831055
2b.csv,2022-01-01T00:00:43.473148-07:00,appendEntries,0.02663111686706543
2b.csv,2022-01-01T00:00:43.499922-07:00,appendEntries,0.02670907974243164
2b.csv,2022-01-01T00:00:43.526508-07:00,appendEntries,0.02652287483215332
2b.csv,2022-01-01T00:00:43.553155-07:00,appendEntries,0.026587963104248047
2b.csv,2022-01-01T00:00:43.579982-07:00,appendEntries,0.02676701545715332
2b.csv,2022-01-01T00:00:43.606768-07:00,appendEntries,0.026719093322753906
2b.csv,2022-01-01T00:00:43.633566-07:00,appendEntries,0.026719093322753906
2b.csv,2022-01-01T00:00:43.660371-07:00,appendEntries,0.026736021041870117
2b.csv,2022-01-01T00:00:43.687059-07:00,appendEntries,0.026623010635375977
2b.csv,2022-01-01T00:00:43.713794-07:00,appendEntries,0.026669025421142578
2b.csv,2022-01-01T00:00:43.740666-07:00,appendEntries,0.026798009872436523
2b.csv,2022-01-01T00:00:43.767991-07:00,appendEntries,0.027249813079833984
2b.csv,2022-01-01T00:00:43.795196-07:00,appendEntries,0.027112245559692383
2b.csv,2022-01-01T00:00:43.822864-07:00,appendEntries,0.027595996856689453
2b.csv,2022-01-01T00:00:43.852732-07:00,appendEntries,0.029755830764770508
2b.csv,2022-01-01T00:00:43.880400-07:00,appendEntries,0.02757096290588379
2b.csv,2022-01-01T00:00:43.908555-07:00,appendEntries,0.028087139129638672
2b.csv,2022-01-01T00:00:43.935114-07:00,appendEntries,0.026514768600463867
2b.csv,2022-01-01T00:00:43.961714-07:00,appendEntries,0.026533126831054688
2b.csv,2022-01-01T00:00:43.988440-07:00,appendEntries,0.026666879653930664
2b.csv,2022-01-01T00:00:44.015208-07:00,appendEntries,0.026704072952270508
2b.csv,2022-01-01T00:00:44.041886-07:00,appendEntries,0.026604890823364258
2b.csv,2022-01-01T00:00:44.068089-07:00,appendEntries,0.026139020919799805
2b.csv,2022-01-01T00:00:44.094584-07:00,appendEntries,0.02642083168029785
2b.csv,2022-01-01T00:00:44.156231-07:00,appendEntries,0.06158113479614258
2b.csv,2022-01-01T00:00:44.188505-07:00,appendEntries,0.032187700271606445
2b.csv,2022-01-01T00:00:44.221634-07:00,appendEntries,0.033035993576049805
2b.csv,2022-01-01T00:00:44.252231-07:00,appendEntries,0.030535221099853516
2b.csv,2022-01-01T00:00:44.282092-07:00,appendEntries,0.02979898452758789
2b.csv,2022-01-01T00:00:44.311166-07:00,appendEntries,0.029015779495239258
2b.csv,2022-01-01T00:00:44.340169-07:00,appendEntries,0.028943777084350586
2b.csv,2022-01-01T00:00:44.369162-07:00,appendEntries,0.0289309024810791
2b.csv,2022-01-01T00:00:44.398114-07:00,appendEntries,0.02889084815979004
2b.csv,2022-01-01T00:00:44.427113-07:00,appendEntries,0.028939008712768555
2b.csv,2022-01-01T00:00:44.455933-07:00,appendEntries,0.028774023056030273
2b.csv,2022-01-01T00:00:44.484913-07:00,appendEntries,0.028928041458129883
2b.csv,2022-01-01T00:00:44.513637-07:00,appendEntries,0.028678178787231445
2b.csv,2022-01-01T00:00:44.542496-07:00,appendEntries,0.028813838958740234
2b.csv,2022-01-01T00:00:44.571480-07:00,appendEntries,0.028936147689819336
2b.csv,2022-01-01T00:00:44.600477-07:00,appendEntries,0.028946876525878906
2b.csv,2022-01-01T00:00:44.629584-07:00,appendEntries,0.029061079025268555
2b.csv,2022-01-01T00:00:44.658398-07:00,appendEntries,0.028763771057128906
2b.csv,2022-01-01T00:00:44.687507-07:00,appendEntries,0.029060840606689453
2b.csv,2022-01-01T00:00:44.716750-07:00,appendEntries,0.029195070266723633
2b.csv,2022-01-01T00:00:44.745723-07:00,appendEntries,0.028900146484375
2b.csv,2022-01-01T00:00:44.774700-07:00,appendEntries,0.028927087783813477
2b.csv,2022-01-01T00:00:44.803626-07:00,appendEntries,0.028877973556518555
2b.csv,2022-01-01T00:00:44.832392-07:00,appendEntries,0.02871227264404297
2b.csv,2022-01-01T00:00:44.861179-07:00,appendEntries,0.02874302864074707
2b.csv,2022-01-01T00:00:44.890230-07:00,appendEntries,0.029003143310546875
2b.csv,2022-01-01T00:00:44.919314-07:00,appendEntries,0.029033899307250977
2b.csv,2022-01-01T00:00:44.948044-07:00,appendEntries,0.028689861297607422
2b.csv,2022-01-01T00:00:44.976828-07:00,appendEntries,0.028738021850585938
2b.csv,2022-01-01T00:00:45.005577-07:00,appendEntries,0.028697967529296875
2b.csv,2022-01-01T00:00:45.034414-07:00,appendEntries,0.02879023551940918
2b.csv,2022-01-01T00:00:45.063458-07:00,appendEntries,0.028993844985961914
2b.csv,2022-01-01T00:00:45.092989-07:00,appendEntries,0.029476165771484375
2b.csv,2022-01-01T00:00:45.122229-07:00,appendEntries,0.02898693084716797
2b.csv,2022-01-01T00:00:45.151165-07:00,appendEntries,0.02888011932373047
2b.csv,2022-01-01T00:00:45.179705-07:00,appendEntries,0.02848505973815918
2b.csv,2022-01-01T00:00:45.207412-07:00,appendEntries,0.027640819549560547
2b.csv,2022-01-01T00:00:45.235170-07:00,appendEntries,0.027698993682861328
2b.csv,2022-01-01T00:00:45.296314-07:00,appendEntries,0.06108212471008301
2b.csv,2022-01-01T00:00:45.327486-07:00,appendEntries,0.031100988388061523
2b.csv,2022-01-01T00:00:45.358497-07:00,appendEntries,0.03094315528869629
2b.csv,2022-01-01T00:00:45.386372-07:00,appendEntries,0.027818918228149414
2b.csv,2022-01-01T00:00:45.414487-07:00,appendEntries,0.028052091598510742
2b.csv,2022-01-01T00:00:45.441857-07:00,appendEntries,0.027311086654663086
2b.csv,2022-01-01T00:00:45.469172-07:00,appendEntries,0.027259111404418945
2b.csv,2022-01-01T00:00:45.496853-07:00,appendEntries,0.027621030807495117
2b.csv,2022-01-01T00:00:45.524321-07:00,appendEntries,0.027395963668823242
2b.csv,2022-01-01T00:00:45.551622-07:00,appendEntries,0.02723407745361328
2b.csv,2022-01-01T00:00:45.579038-07:00,appendEntries,0.02735161781311035
2b.csv,2022-01-01T00:00:45.606576-07:00,appendEntries,0.027479171752929688
2b.csv,2022-01-01T00:00:45.633880-07:00,appendEntries,0.027245283126831055
2b.csv,2022-01-01T00:00:45.661295-07:00,appendEntries,0.027292251586914062
2b.csv,2022-01-01T00:00:45.688601-07:00,appendEntries,0.02723979949951172
2b.csv,2022-01-01T00:00:45.716062-07:00,appendEntries,0.027395963668823242
2b.csv,2022-01-01T00:00:45.743273-07:00,appendEntries,0.027158737182617188
2b.csv,2022-01-01T00:00:45.770543-07:00,appendEntries,0.02722001075744629
2b.csv,2022-01-01T00:00:45.797792-07:00,appendEntries,0.027202129364013672
2b.csv,2022-01-01T00:00:45.825037-07:00,appendEntries,0.02719593048095703
2b.csv,2022-01-01T00:00:45.852263-07:00,appendEntries,0.0271761417388916
2b.csv,2022-01-01T00:00:45.879477-07:00,appendEntries,0.02716374397277832
2b.csv,2022-01-01T00:00:45.906956-07:00,appendEntries,0.027428865432739258
2b.csv,2022-01-01T00:00:45.934357-07:00,appendEntries,0.027345895767211914
2b.csv,2022-01-01T00:00:45.961601-07:00,appendEntries,0.0271909236907959
2b.csv,2022-01-01T00:00:45.988864-07:00,appendEntries,0.02720785140991211
2b.csv,2022-01-01T00:00:46.016321-07:00,appendEntries,0.02740001678466797
2b.csv,2022-01-01T00:00:46.043505-07:00,appendEntries,0.027126073837280273
2b.csv,2022-01-01T00:00:46.070719-07:00,appendEntries,0.027150869369506836
2b.csv,2022-01-01T00:00:46.098068-07:00,appendEntries,0.0272829532623291
2b.csv,2022-01-01T00:00:46.125313-07:00,appendEntries,0.02718210220336914
2b.csv,2022-01-01T00:00:46.152566-07:00,appendEntries,0.027198076248168945
2b.csv,2022-01-01T00:00:46.179861-07:00,appendEntries,0.02724003791809082
2b.csv,2022-01-01T00:00:46.207342-07:00,appendEntries,0.027415037155151367
2b.csv,2022-01-01T00:00:46.234892-07:00,appendEntries,0.027489185333251953
2b.csv,2022-01-01T00:00:46.262366-07:00,appendEntries,0.02740788459777832
2b.csv,2022-01-01T00:00:46.290397-07:00,appendEntries,0.02796006202697754
2b.csv,2022-01-01T00:00:46.318635-07:00,appendEntries,0.02809906005859375
2b.csv,2022-01-01T00:00:46.346617-07:00,appendEntries,0.027843236923217773
2b.csv,2022-01-01T00:00:47.574214-07:00,appendEntries,0.058335065841674805
2b.csv,2022-01-01T00:00:47.604698-07:00,appendEntries,0.0304410457611084
2b.csv,2022-01-01T00:00:47.634996-07:00,appendEntries,0.030254840850830078
2b.csv,2022-01-01T00:00:47.661847-07:00,appendEntries,0.026808977127075195
2b.csv,2022-01-01T00:00:47.688995-07:00,appendEntries,0.027101993560791016
2b.csv,2022-01-01T00:00:47.715378-07:00,appendEntries,0.026334285736083984
2b.csv,2022-01-01T00:00:47.741581-07:00,appendEntries,0.02616095542907715
2b.csv,2022-01-01T00:00:47.767907-07:00,appendEntries,0.026269912719726562
2b.csv,2022-01-01T00:00:47.794416-07:00,appendEntries,0.026447057723999023
2b.csv,2022-01-01T00:00:47.821430-07:00,appendEntries,0.02694416046142578
2b.csv,2022-01-01T00:00:47.848658-07:00,appendEntries,0.027122974395751953
2b.csv,2022-01-01T00:00:47.876043-07:00,appendEntries,0.027277708053588867
2b.csv,2022-01-01T00:00:47.902872-07:00,appendEntries,0.026731014251708984
2b.csv,2022-01-01T00:00:47.930489-07:00,appendEntries,0.02749800682067871
2b.csv,2022-01-01T00:00:47.957790-07:00,appendEntries,0.027179956436157227
2b.csv,2022-01-01T00:00:47.984865-07:00,appendEntries,0.026961088180541992
2b.csv,2022-01-01T00:00:48.012031-07:00,appendEntries,0.02706003189086914
2b.csv,2022-01-01T00:00:48.039802-07:00,appendEntries,0.027480125427246094
2b.csv,2022-01-01T00:00:48.066980-07:00,appendEntries,0.02704000473022461
2b.csv,2022-01-01T00:00:48.094891-07:00,appendEntries,0.027765989303588867
2b.csv,2022-01-01T00:00:48.122090-07:00,appendEntries,0.027058839797973633
2b.csv,2022-01-01T00:00:48.148947-07:00,appendEntries,0.026768207550048828
2b.csv,2022-01-01T00:00:48.176466-07:00,appendEntries,0.027373075485229492
2b.csv,2022-01-01T00:00:48.203696-07:00,appendEntries,0.027122974395751953
2b.csv,2022-01-01T00:00:48.230916-07:00,appendEntries,0.027106046676635742
2b.csv,2022-01-01T00:00:48.258254-07:00,appendEntries,0.0272367000579834
2b.csv,2022-01-01T00:00:48.285839-07:00,appendEntries,0.02746891975402832
2b.csv,2022-01-01T00:00:48.312770-07:00,appendEntries,0.026818037033081055
2b.csv,2022-01-01T00:00:48.339975-07:00,appendEntries,0.027060985565185547
2b.csv,2022-01-01T00:00:48.366765-07:00,appendEntries,0.026702880859375
2b.csv,2022-01-01T00:00:48.393569-07:00,appendEntries,0.026704072952270508
2b.csv,2022-01-01T00:00:48.420289-07:00,appendEntries,0.026615619659423828
2b.csv,2022-01-01T00:00:48.447472-07:00,appendEntries,0.02708888053894043
2b.csv,2022-01-01T00:00:48.476722-07:00,appendEntries,0.0291440486907959
2b.csv,2022-01-01T00:00:48.503700-07:00,appendEntries,0.02679896354675293
2b.csv,2022-01-01T00:00:48.530416-07:00,appendEntries,0.02657318115234375
2b.csv,2022-01-01T00:00:48.557052-07:00,appendEntries,0.026560068130493164
2b.csv,2022-01-01T00:00:48.584606-07:00,appendEntries,0.027372121810913086
2b.csv,2022-01-01T00:00:48.613724-07:00,appendEntries,0.029015064239501953
2b.csv,2022-01-01T00:00:48.641406-07:00,appendEntries,0.02757120132446289
2b.csv,2022-01-01T00:00:48.668927-07:00,appendEntries,0.027400970458984375
2b.csv,2022-01-01T00:00:48.696189-07:00,appendEntries,0.027184724807739258
2b.csv,2022-01-01T00:00:48.723256-07:00,appendEntries,0.026996135711669922
2b.csv,2022-01-01T00:00:48.751407-07:00,appendEntries,0.028070926666259766
2b.csv,2022-01-01T00:00:48.779094-07:00,appendEntries,0.027580976486206055
2b.csv,2022-01-01T00:00:48.806811-07:00,appendEntries,0.0276181697845459
2b.csv,2022-01-01T00:00:48.835996-07:00,appendEntries,0.029078960418701172
2b.csv,2022-01-01T00:00:48.863407-07:00,appendEntries,0.027323007583618164
2b.csv,2022-01-01T00:00:48.891860-07:00,appendEntries,0.02836012840270996
2b.csv,2022-01-01T00:00:48.919900-07:00,appendEntries,0.02793598175048828
2b.csv,2022-01-01T00:00:48.948425-07:00,appendEntries,0.0284121036529541
2b.csv,2022-01-01T00:00:48.976521-07:00,appendEntries,0.027915000915527344
2b.csv,2022-01-01T00:00:49.004398-07:00,appendEntries,0.0277559757232666
2b.csv,2022-01-01T00:00:49.031956-07:00,appendEntries,0.027473926544189453
2b.csv,2022-01-01T00:00:49.059873-07:00,appendEntries,0.027832746505737305
2b.csv,2022-01-01T00:00:49.087416-07:00,appendEntries,0.02743697166442871
2b.csv,2022-01-01T00:00:49.114981-07:00,appendEntries,0.027425050735473633
2b.csv,2022-01-01T00:00:49.142577-07:00,appendEntries,0.027512073516845703
2b.csv,2022-01-01T00:00:49.169879-07:00,appendEntries,0.027209758758544922
2b.csv,2022-01-01T00:00:49.197039-07:00,appendEntries,0.027076244354248047
2b.csv,2022-01-01T00:00:49.224325-07:00,appendEntries,0.027204036712646484
2b.csv,2022-01-01T00:00:49.251494-07:00,appendEntries,0.027094125747680664
2b.csv,2022-01-01T00:00:49.278621-07:00,appendEntries,0.027065038681030273
2b.csv,2022-01-01T00:00:49.305339-07:00,appendEntries,0.026667118072509766
2b.csv,2022-01-01T00:00:49.332398-07:00,appendEntries,0.027012109756469727
2b.csv,2022-01-01T00:00:49.359253-07:00,appendEntries,0.026812076568603516
2b.csv,2022-01-01T00:00:49.386169-07:00,appendEntries,0.026873111724853516
2b.csv,2022-01-01T00:00:49.413154-07:00,appendEntries,0.02693796157836914
2b.csv,2022-01-01T00:00:49.439979-07:00,appendEntries,0.026779890060424805
2b.csv,2022-01-01T00:00:49.466943-07:00,appendEntries,0.02692389488220215
2b.csv,2022-01-01T00:00:49.493972-07:00,appendEntries,0.026983022689819336
2b.csv,2022-01-01T00:00:49.521178-07:00,appendEntries,0.027160167694091797
2b.csv,2022-01-01T00:00:49.548280-07:00,appendEntries,0.027045726776123047
2b.csv,2022-01-01T00:00:49.575540-07:00,appendEntries,0.02719593048095703
2b.csv,2022-01-01T00:00:49.602780-07:00,appendEntries,0.027170896530151367
2b.csv,2022-01-01T00:00:49.630368-07:00,appendEntries,0.027512073516845703
2b.csv,2022-01-01T00:00:49.658228-07:00,appendEntries,0.027744054794311523
2b.csv,2022-01-01T00:00:49.685604-07:00,appendEntries,0.027278900146484375
2b.csv,2022-01-01T00:00:49.714124-07:00,appendEntries,0.02737903594970703
2b.csv,2022-01-01T00:00:49.741560-07:00,appendEntries,0.02733588218688965
2b.csv,2022-01-01T00:00:49.769556-07:00,appendEntries,0.02770400047302246
2b.csv,2022-01-01T00:00:49.797289-07:00,appendEntries,0.02762126922607422
2b.csv,2022-01-01T00:00:49.824948-07:00,appendEntries,0.02752995491027832
2b.csv,2022-01-01T00:00:49.852406-07:00,appendEntries,0.02735280990600586
2b.csv,2022-01-01T00:00:49.879973-07:00,appendEntries,0.027460098266601562
2b.csv,2022-01-01T00:00:49.907662-07:00,appendEntries,0.02758193016052246
2b.csv,2022-01-01T00:00:49.935114-07:00,appendEntries,0.02730417251586914
2b.csv,2022-01-01T00:00:49.962924-07:00,appendEntries,0.02770376205444336
2b.csv,2022-01-01T00:00:49.990336-07:00,appendEntries,0.027306318283081055
2b.csv,2022-01-01T00:00:50.018132-07:00,appendEntries,0.02719879150390625
2b.csv,2022-01-01T00:00:50.045576-07:00,appendEntries,0.027297019958496094
2b.csv,2022-01-01T00:00:50.073756-07:00,appendEntries,0.028074026107788086
2b.csv,2022-01-01T00:00:50.101818-07:00,appendEntries,0.027831077575683594
2b.csv,2022-01-01T00:00:50.130168-07:00,appendEntries,0.028228759765625
2b.csv,2022-01-01T00:00:50.157781-07:00,appendEntries,0.02751326560974121
2b.csv,2022-01-01T00:00:50.185492-07:00,appendEntries,0.027613162994384766
2b.csv,2022-01-01T00:00:50.213108-07:00,appendEntries,0.027518033981323242
2b.csv,2022-01-01T00:00:50.240898-07:00,appendEntries,0.027685880661010742
2b.csv,2022-01-01T00:00:50.268390-07:00,appendEntries,0.02739882469177246
2b.csv,2022-01-01T00:00:50.295950-07:00,appendEntries,0.02747488021850586
2b.csv,2022-01-01T00:00:50.323435-07:00,appendEntries,0.027397871017456055
2b.csv,2022-01-01T00:00:50.350802-07:00,appendEntries,0.027272939682006836
2b.csv,2022-01-01T00:00:50.378321-07:00,appendEntries,0.027428150177001953
2b.csv,2022-01-01T00:00:50.406083-07:00,appendEntries,0.027643918991088867
2b.csv,2022-01-01T00:00:50.433416-07:00,appendEntries,0.02721714973449707
2b.csv,2022-01-01T00:00:50.460740-07:00,appendEntries,0.02727198600769043
2b.csv,2022-01-01T00:00:50.488806-07:00,appendEntries,0.02791619300842285
2b.csv,2022-01-01T00:00:50.516805-07:00,appendEntries,0.027875185012817383
2b.csv,2022-01-01T00:00:50.545203-07:00,appendEntries,0.02827310562133789
2b.csv,2022-01-01T00:00:50.572768-07:00,appendEntries,0.027460098266601562
2b.csv,2022-01-01T00:00:50.600557-07:00,appendEntries,0.027679920196533203
2b.csv,2022-01-01T00:00:50.628107-07:00,appendEntries,0.027444839477539062
2b.csv,2022-01-01T00:00:50.655794-07:00,appendEntries,0.0275881290435791
2b.csv,2022-01-01T00:00:50.683299-07:00,appendEntries,0.02739572525024414
2b.csv,2022-01-01T00:00:50.710721-07:00,appendEntries,0.027309894561767578
2b.csv,2022-01-01T00:00:50.738073-07:00,appendEntries,0.02724623680114746
2b.csv,2022-01-01T00:00:50.765924-07:00,appendEntries,0.027756214141845703
2b.csv,2022-01-01T00:00:50.794121-07:00,appendEntries,0.028089046478271484
2b.csv,2022-01-01T00:00:50.821692-07:00,appendEntries,0.027463912963867188
2b.csv,2022-01-01T00:00:50.849207-07:00,appendEntries,0.02739691734313965
2b.csv,2022-01-01T00:00:50.876692-07:00,appendEntries,0.0273740291595459
2b.csv,2022-01-01T00:00:50.904681-07:00,appendEntries,0.02785205841064453
2b.csv,2022-01-01T00:00:50.934721-07:00,appendEntries,0.029919147491455078
2b.csv,2022-01-01T00:00:50.962213-07:00,appendEntries,0.027383089065551758
2b.csv,2022-01-01T00:00:50.989688-07:00,appendEntries,0.027373790740966797
2b.csv,2022-01-01T00:00:51.017106-07:00,appendEntries,0.027309179306030273
2b.csv,2022-01-01T00:00:51.045924-07:00,appendEntries,0.028666973114013672
2b.csv,2022-01-01T00:00:51.074979-07:00,appendEntries,0.028946876525878906
2b.csv,2022-01-01T00:00:51.102721-07:00,appendEntries,0.027635812759399414
2b.csv,2022-01-01T00:00:51.130248-07:00,appendEntries,0.027419090270996094
2b.csv,2022-01-01T00:00:51.158312-07:00,appendEntries,0.027941226959228516
2b.csv,2022-01-01T00:00:51.185597-07:00,appendEntries,0.02718639373779297
2b.csv,2022-01-01T00:00:51.212794-07:00,appendEntries,0.027096033096313477
2b.csv,2022-01-01T00:00:51.240465-07:00,appendEntries,0.027573108673095703
2b.csv,2022-01-01T00:00:51.268134-07:00,appendEntries,0.02747488021850586
2b.csv,2022-01-01T00:00:51.295540-07:00,appendEntries,0.027302026748657227
2b.csv,2022-01-01T00:00:51.322972-07:00,appendEntries,0.02733016014099121
2b.csv,2022-01-01T00:00:51.350872-07:00,appendEntries,0.02778482437133789
2b.csv,2022-01-01T00:00:51.378666-07:00,appendEntries,0.02767205238342285
2b.csv,2022-01-01T00:00:51.406190-07:00,appendEntries,0.027425050735473633
2b.csv,2022-01-01T00:00:51.434070-07:00,appendEntries,0.027772903442382812
2b.csv,2022-01-01T00:00:51.461969-07:00,appendEntries,0.027791261672973633
2b.csv,2022-01-01T00:00:51.489471-07:00,appendEntries,0.0274050235748291
2b.csv,2022-01-01T00:00:51.517264-07:00,appendEntries,0.027671098709106445
2b.csv,2022-01-01T00:00:51.544805-07:00,appendEntries,0.027434110641479492
2b.csv,2022-01-01T00:00:51.572600-07:00,appendEntries,0.027693748474121094
2b.csv,2022-01-01T00:00:51.600254-07:00,appendEntries,0.027532100677490234
2b.csv,2022-01-01T00:00:51.628845-07:00,appendEntries,0.02834796905517578
2b.csv,2022-01-01T00:00:51.656472-07:00,appendEntries,0.027511119842529297
2b.csv,2022-01-01T00:00:51.684069-07:00,appendEntries,0.02739691734313965
2b.csv,2022-01-01T00:00:51.711620-07:00,appendEntries,0.027447223663330078
2b.csv,2022-01-01T00:00:51.739198-07:00,appendEntries,0.02746105194091797
2b.csv,2022-01-01T00:00:51.766666-07:00,appendEntries,0.027361154556274414
2b.csv,2022-01-01T00:00:51.794077-07:00,appendEntries,0.027289152145385742
2b.csv,2022-01-01T00:00:51.821698-07:00,appendEntries,0.02751898765563965
2b.csv,2022-01-01T00:00:51.849215-07:00,appendEntries,0.027410268783569336
2b.csv,2022-01-01T00:00:51.876497-07:00,appendEntries,0.027177810668945312
2b.csv,2022-01-01T00:00:51.904458-07:00,appendEntries,0.02787494659423828
2b.csv,2022-01-01T00:00:51.932297-07:00,appendEntries,0.02772998809814453
2b.csv,2022-01-01T00:00:51.960344-07:00,appendEntries,0.0279388427734375
2b.csv,2022-01-01T00:00:51.987943-07:00,appendEntries,0.027482032775878906
2b.csv,2022-01-01T00:00:52.015559-07:00,appendEntries,0.02750992774963379
2b.csv,2022-01-01T00:00:52.043799-07:00,appendEntries,0.028134822845458984
2b.csv,2022-01-01T00:00:52.071240-07:00,appendEntries,0.027338027954101562
2b.csv,2022-01-01T00:00:52.098710-07:00,appendEntries,0.02736496925354004
2b.csv,2022-01-01T00:00:52.126457-07:00,appendEntries,0.027640104293823242
2b.csv,2022-01-01T00:00:52.154091-07:00,appendEntries,0.02753472328186035
2b.csv,2022-01-01T00:00:52.182155-07:00,appendEntries,0.02795886993408203
2b.csv,2022-01-01T00:00:52.210835-07:00,appendEntries,0.028578996658325195
2b.csv,2022-01-01T00:00:52.238414-07:00,appendEntries,0.027476072311401367
2b.csv,2022-01-01T00:00:52.267210-07:00,appendEntries,0.02869415283203125
2b.csv,2022-01-01T00:00:52.294867-07:00,appendEntries,0.027535200119018555
2b.csv,2022-01-01T00:00:52.322503-07:00,appendEntries,0.027523040771484375
2b.csv,2022-01-01T00:00:52.350196-07:00,appendEntries,0.02754688262939453
2b.csv,2022-01-01T00:00:52.378660-07:00,appendEntries,0.028352975845336914
2b.csv,2022-01-01T00:00:52.406096-07:00,appendEntries,0.027337074279785156
2b.csv,2022-01-01T00:00:52.433776-07:00,appendEntries,0.0275728702545166
2b.csv,2022-01-01T00:00:52.461742-07:00,appendEntries,0.027844905853271484
2b.csv,2022-01-01T00:00:52.489527-07:00,appendEntries,0.027670621871948242
2b.csv,2022-01-01T00:00:52.517050-07:00,appendEntries,0.02740192413330078
2b.csv,2022-01-01T00:00:52.544431-07:00,appendEntries,0.02727508544921875
2b.csv,2022-01-01T00:00:52.571977-07:00,appendEntries,0.027431249618530273
2b.csv,2022-01-01T00:00:52.599518-07:00,appendEntries,0.027434110641479492
2b.csv,2022-01-01T00:00:52.627174-07:00,appendEntries,0.02754807472229004
2b.csv,2022-01-01T00:00:52.654722-07:00,appendEntries,0.027449846267700195
2b.csv,2022-01-01T00:00:52.682528-07:00,appendEntries,0.027703046798706055
2b.csv,2022-01-01T00:00:52.710101-07:00,appendEntries,0.0274658203125
2b.csv,2022-01-01T00:00:52.737676-07:00,appendEntries,0.027481794357299805
2b.csv,2022-01-01T00:00:52.765787-07:00,appendEntries,0.028004169464111328
2b.csv,2022-01-01T00:00:52.795365-07:00,appendEntries,0.029469966888427734
2b.csv,2022-01-01T00:00:52.823811-07:00,appendEntries,0.02826070785522461
2b.csv,2022-01-01T00:00:52.853982-07:00,appendEntries,0.030074119567871094
2b.csv,2022-01-01T00:00:52.881340-07:00,appendEntries,0.02726006507873535
2b.csv,2022-01-01T00:00:52.909034-07:00,appendEntries,0.02754497528076172
2b.csv,2022-01-01T00:00:52.936324-07:00,appendEntries,0.027192115783691406
2b.csv,2022-01-01T00:00:52.964372-07:00,appendEntries,0.027959108352661133
2b.csv,2022-01-01T00:00:52.991522-07:00,appendEntries,0.027057886123657227
2b.csv,2022-01-01T00:00:53.019068-07:00,appendEntries,0.027441978454589844
2b.csv,2022-01-01T00:00:53.046865-07:00,appendEntries,0.027692079544067383
2b.csv,2022-01-01T00:00:53.074451-07:00,appendEntries,0.027493953704833984
2b.csv,2022-01-01T00:00:53.101811-07:00,appendEntries,0.027263164520263672
2b.csv,2022-01-01T00:00:53.129355-07:00,appendEntries,0.02744603157043457
2b.csv,2022-01-01T00:00:53.157911-07:00,appendEntries,0.02845597267150879
2b.csv,2022-01-01T00:00:53.185368-07:00,appendEntries,0.027350902557373047
2b.csv,2022-01-01T00:00:53.214382-07:00,appendEntries,0.028905868530273438
2b.csv,2022-01-01T00:00:53.241467-07:00,appendEntries,0.026997089385986328
2b.csv,2022-01-01T00:00:53.268644-07:00,appendEntries,0.02712392807006836
2b.csv,2022-01-01T00:00:53.295880-07:00,appendEntries,0.027155160903930664
2b.csv,2022-01-01T00:00:53.323072-07:00,appendEntries,0.027102947235107422
2b.csv,2022-01-01T00:00:53.351923-07:00,appendEntries,0.02875208854675293
2b.csv,2022-01-01T00:00:53.379400-07:00,appendEntries,0.027380943298339844
2b.csv,2022-01-01T00:00:53.407016-07:00,appendEntries,0.027521133422851562
2b.csv,2022-01-01T00:00:53.434580-07:00,appendEntries,0.027491092681884766
2b.csv,2022-01-01T00:00:53.463121-07:00,appendEntries,0.028438091278076172
2b.csv,2022-01-01T00:00:53.490364-07:00,appendEntries,0.027152061462402344
2b.csv,2022-01-01T00:00:53.518048-07:00,appendEntries,0.027580738067626953
2b.csv,2022-01-01T00:00:53.545296-07:00,appendEntries,0.0271451473236084
2b.csv,2022-01-01T00:00:53.572737-07:00,appendEntries,0.027343034744262695
2b.csv,2022-01-01T00:00:53.600417-07:00,appendEntries,0.02755904197692871
2b.csv,2022-01-01T00:00:53.628338-07:00,appendEntries,0.027802228927612305
2b.csv,2022-01-01T00:00:53.656129-07:00,appendEntries,0.027678966522216797
2b.csv,2022-01-01T00:00:53.683954-07:00,appendEntries,0.027703046798706055
2b.csv,2022-01-01T00:00:53.711938-07:00,appendEntries,0.02786564826965332
2b.csv,2022-01-01T00:00:53.739569-07:00,appendEntries,0.027537822723388672
2b.csv,2022-01-01T00:00:53.767401-07:00,appendEntries,0.02771306037902832