2022-05-31T21:02:33.775511-07:00, add membership,128.204
2022-05-31T21:02:33.917129-07:00, add membership,140.352
2022-05-31T21:02:34.056377-07:00, add membership,137.982
2022-05-31T21:02:34.119237-07:00,appendEntries,0.062348127365112305
2022-05-31T21:02:34.154524-07:00,appendEntries,0.03513908386230469
2022-05-31T21:02:34.188704-07:00,appendEntries,0.033940792083740234
2022-05-31T21:02:34.218209-07:00,appendEntries,0.029366016387939453
2022-05-31T21:02:34.247935-07:00,appendEntries,0.029631853103637695
2022-05-31T21:02:34.277511-07:00,appendEntries,0.029439926147460938
2022-05-31T21:02:34.307465-07:00,appendEntries,0.029842138290405273
2022-05-31T21:02:34.336734-07:00,appendEntries,0.029132843017578125
2022-05-31T21:02:34.365547-07:00,appendEntries,0.028717756271362305
2022-05-31T21:02:34.394094-07:00,appendEntries,0.028439044952392578
2022-05-31T21:02:34.422552-07:00,appendEntries,0.028401851654052734
2022-05-31T21:02:34.451963-07:00,appendEntries,0.029272079467773438
2022-05-31T21:02:34.480994-07:00,appendEntries,0.028914928436279297
2022-05-31T21:02:34.509683-07:00,appendEntries,0.02856898307800293
2022-05-31T21:02:34.538196-07:00,appendEntries,0.028434038162231445
2022-05-31T21:02:34.566723-07:00,appendEntries,0.028469085693359375
2022-05-31T21:02:34.595353-07:00,appendEntries,0.02858281135559082
2022-05-31T21:02:34.623579-07:00,appendEntries,0.0281829833984375
2022-05-31T21:02:34.651778-07:00,appendEntries,0.02815699577331543
2022-05-31T21:02:34.680063-07:00,appendEntries,0.02823662757873535
2022-05-31T21:02:34.708635-07:00,appendEntries,0.028521060943603516
2022-05-31T21:02:34.737102-07:00,appendEntries,0.02840709686279297
2022-05-31T21:02:34.765390-07:00,appendEntries,0.0282289981842041
2022-05-31T21:02:34.793953-07:00,appendEntries,0.028501033782958984
2022-05-31T21:02:34.822826-07:00,appendEntries,0.02880382537841797
2022-05-31T21:02:34.851938-07:00,appendEntries,0.028990983963012695
2022-05-31T21:02:34.880548-07:00,appendEntries,0.02850627899169922
2022-05-31T21:02:34.909219-07:00,appendEntries,0.028589963912963867
2022-05-31T21:02:34.938207-07:00,appendEntries,0.02887582778930664
2022-05-31T21:02:34.967019-07:00,appendEntries,0.028732776641845703
2022-05-31T21:02:34.997281-07:00,appendEntries,0.030142784118652344
2022-05-31T21:02:35.026609-07:00,appendEntries,0.029093027114868164
2022-05-31T21:02:35.055906-07:00,appendEntries,0.029181718826293945
2022-05-31T21:02:35.086939-07:00,appendEntries,0.030925989151000977
2022-05-31T21:02:35.115597-07:00,appendEntries,0.028549909591674805
2022-05-31T21:02:35.144124-07:00,appendEntries,0.02846217155456543
2022-05-31T21:02:35.172604-07:00,appendEntries,0.028419017791748047
2022-05-31T21:02:35.201222-07:00,appendEntries,0.02855396270751953
2022-05-31T21:02:35.229632-07:00,appendEntries,0.028350114822387695
2022-05-31T21:02:35.258120-07:00,appendEntries,0.028417110443115234
2022-05-31T21:02:35.286562-07:00,appendEntries,0.028377056121826172
2022-05-31T21:02:35.314855-07:00,appendEntries,0.028231143951416016
2022-05-31T21:02:35.343421-07:00,appendEntries,0.028506755828857422
2022-05-31T21:02:35.371826-07:00,appendEntries,0.028341054916381836
2022-05-31T21:02:35.399964-07:00,appendEntries,0.028072118759155273
2022-05-31T21:02:35.428435-07:00,appendEntries,0.028418779373168945
2022-05-31T21:02:35.456955-07:00,appendEntries,0.02847003936767578
2022-05-31T21:02:35.485397-07:00,appendEntries,0.02839183807373047
2022-05-31T21:02:35.513671-07:00,appendEntries,0.028229951858520508
2022-05-31T21:02:35.542046-07:00,appendEntries,0.028328895568847656
2022-05-31T21:02:35.570370-07:00,appendEntries,0.028280019760131836
2022-05-31T21:02:35.598642-07:00,appendEntries,0.02822399139404297
2022-05-31T21:02:35.627199-07:00,appendEntries,0.028503894805908203
2022-05-31T21:02:35.655526-07:00,appendEntries,0.028263092041015625
2022-05-31T21:02:35.683872-07:00,appendEntries,0.0283048152923584
2022-05-31T21:02:35.712446-07:00,appendEntries,0.02850508689880371
2022-05-31T21:02:35.741400-07:00,appendEntries,0.028855085372924805
2022-05-31T21:02:35.770430-07:00,appendEntries,0.028916120529174805
2022-05-31T21:02:35.800037-07:00,appendEntries,0.029487133026123047
2022-05-31T21:02:35.829374-07:00,appendEntries,0.02922201156616211
2022-05-31T21:02:35.858450-07:00,appendEntries,0.028898000717163086
2022-05-31T21:02:35.887272-07:00,appendEntries,0.028735876083374023
2022-05-31T21:02:35.915607-07:00,appendEntries,0.02826070785522461
2022-05-31T21:02:35.944236-07:00,appendEntries,0.028567075729370117
2022-05-31T21:02:35.972588-07:00,appendEntries,0.028287887573242188
2022-05-31T21:02:36.001360-07:00,appendEntries,0.028707027435302734
2022-05-31T21:02:36.029957-07:00,appendEntries,0.028515100479125977
2022-05-31T21:02:36.058450-07:00,appendEntries,0.028422117233276367
2022-05-31T21:02:36.086980-07:00,appendEntries,0.028460979461669922
2022-05-31T21:02:36.115304-07:00,appendEntries,0.02826976776123047
2022-05-31T21:02:36.143584-07:00,appendEntries,0.02823495864868164
2022-05-31T21:02:36.171841-07:00,appendEntries,0.028213024139404297
2022-05-31T21:02:36.200156-07:00,appendEntries,0.02826213836669922
2022-05-31T21:02:36.228418-07:00,appendEntries,0.028217077255249023
2022-05-31T21:02:36.256848-07:00,appendEntries,0.028388261795043945
2022-05-31T21:02:36.285191-07:00,appendEntries,0.028292179107666016
2022-05-31T21:02:36.313479-07:00,appendEntries,0.028243064880371094
2022-05-31T21:02:36.341859-07:00,appendEntries,0.028335094451904297
2022-05-31T21:02:36.370162-07:00,appendEntries,0.028255224227905273
2022-05-31T21:02:36.398655-07:00,appendEntries,0.028438091278076172
2022-05-31T21:02:36.427083-07:00,appendEntries,0.028378725051879883
2022-05-31T21:02:36.455943-07:00,appendEntries,0.028812170028686523
2022-05-31T21:02:36.484391-07:00,appendEntries,0.02839803695678711
2022-05-31T21:02:36.512966-07:00,appendEntries,0.028519153594970703
2022-05-31T21:02:36.541607-07:00,appendEntries,0.02858114242553711
2022-05-31T21:02:36.571386-07:00,appendEntries,0.02970600128173828
2022-05-31T21:02:36.600948-07:00,appendEntries,0.02942204475402832
2022-05-31T21:02:36.630033-07:00,appendEntries,0.028981924057006836
2022-05-31T21:02:36.659215-07:00,appendEntries,0.029062986373901367
2022-05-31T21:02:36.688148-07:00,appendEntries,0.028851985931396484
2022-05-31T21:02:36.717766-07:00,appendEntries,0.029513835906982422
2022-05-31T21:02:36.747453-07:00,appendEntries,0.029375791549682617
2022-05-31T21:02:36.776337-07:00,appendEntries,0.028765201568603516
2022-05-31T21:02:36.805677-07:00,appendEntries,0.029225826263427734
2022-05-31T21:02:36.834508-07:00,appendEntries,0.028720855712890625
2022-05-31T21:02:36.863494-07:00,appendEntries,0.028905868530273438
2022-05-31T21:02:36.892359-07:00,appendEntries,0.028727054595947266
2022-05-31T21:02:36.920839-07:00,appendEntries,0.028430938720703125
2022-05-31T21:02:36.949623-07:00,appendEntries,0.02867889404296875
2022-05-31T21:02:36.978406-07:00,appendEntries,0.028684139251708984
2022-05-31T21:02:37.007596-07:00,appendEntries,0.02907705307006836
2022-05-31T21:02:37.036873-07:00,appendEntries,0.029159069061279297
2022-05-31T21:02:37.066644-07:00,appendEntries,0.029649972915649414
2022-05-31T21:02:37.095705-07:00,appendEntries,0.028949975967407227
2022-05-31T21:02:37.125001-07:00,appendEntries,0.029177188873291016
2022-05-31T21:02:37.154653-07:00,appendEntries,0.029478073120117188
2022-05-31T21:02:37.183727-07:00,appendEntries,0.028955936431884766
2022-05-31T21:02:37.212842-07:00,appendEntries,0.028997182846069336
2022-05-31T21:02:37.241850-07:00,appendEntries,0.02889394760131836
2022-05-31T21:02:37.271076-07:00,appendEntries,0.029114246368408203
2022-05-31T21:02:37.300641-07:00,appendEntries,0.029471874237060547
2022-05-31T21:02:37.329816-07:00,appendEntries,0.029055118560791016
2022-05-31T21:02:37.359973-07:00,appendEntries,0.030034780502319336
2022-05-31T21:02:37.389291-07:00,appendEntries,0.029180049896240234
2022-05-31T21:02:37.418376-07:00,appendEntries,0.02900218963623047
2022-05-31T21:02:37.447113-07:00,appendEntries,0.028667211532592773
2022-05-31T21:02:37.476473-07:00,appendEntries,0.029247045516967773
2022-05-31T21:02:37.505729-07:00,appendEntries,0.02899789810180664
2022-05-31T21:02:37.535819-07:00,appendEntries,0.029942750930786133
2022-05-31T21:02:37.565349-07:00,appendEntries,0.029386043548583984
2022-05-31T21:02:37.594604-07:00,appendEntries,0.02915477752685547
2022-05-31T21:02:37.624043-07:00,appendEntries,0.029294967651367188
2022-05-31T21:02:37.653700-07:00,appendEntries,0.02951192855834961
2022-05-31T21:02:37.682729-07:00,appendEntries,0.02893209457397461
2022-05-31T21:02:37.712145-07:00,appendEntries,0.029304027557373047
2022-05-31T21:02:37.741598-07:00,appendEntries,0.029314041137695312
2022-05-31T21:02:37.771407-07:00,appendEntries,0.02966618537902832
2022-05-31T21:02:37.800238-07:00,appendEntries,0.028708934783935547
2022-05-31T21:02:37.828998-07:00,appendEntries,0.02865910530090332
2022-05-31T21:02:37.858264-07:00,appendEntries,0.02915191650390625
2022-05-31T21:02:37.887238-07:00,appendEntries,0.02886176109313965
2022-05-31T21:02:37.917029-07:00,appendEntries,0.029704809188842773
2022-05-31T21:02:37.945789-07:00,appendEntries,0.028651952743530273
2022-05-31T21:02:37.974474-07:00,appendEntries,0.02858424186706543
2022-05-31T21:02:38.003537-07:00,appendEntries,0.028957843780517578
2022-05-31T21:02:38.032811-07:00,appendEntries,0.029152870178222656
2022-05-31T21:02:38.061827-07:00,appendEntries,0.028903961181640625
2022-05-31T21:02:38.091123-07:00,appendEntries,0.029180288314819336
2022-05-31T21:02:38.120914-07:00,appendEntries,0.029668092727661133
2022-05-31T21:02:38.150120-07:00,appendEntries,0.02897930145263672
2022-05-31T21:02:38.179121-07:00,appendEntries,0.028889179229736328
2022-05-31T21:02:38.208741-07:00,appendEntries,0.02950000762939453
2022-05-31T21:02:38.237793-07:00,appendEntries,0.028907060623168945
2022-05-31T21:02:38.266853-07:00,appendEntries,0.028951168060302734
2022-05-31T21:02:38.295946-07:00,appendEntries,0.028890132904052734
2022-05-31T21:02:38.325377-07:00,appendEntries,0.02929091453552246
2022-05-31T21:02:38.354975-07:00,appendEntries,0.029464244842529297
2022-05-31T21:02:38.384952-07:00,appendEntries,0.02983880043029785
2022-05-31T21:02:38.413909-07:00,appendEntries,0.028853178024291992
2022-05-31T21:02:38.442767-07:00,appendEntries,0.02874016761779785
2022-05-31T21:02:38.471900-07:00,appendEntries,0.029015064239501953
2022-05-31T21:02:38.501069-07:00,appendEntries,0.02904486656188965
2022-05-31T21:02:38.530415-07:00,appendEntries,0.02902984619140625
2022-05-31T21:02:38.559556-07:00,appendEntries,0.02902698516845703
2022-05-31T21:02:38.588718-07:00,appendEntries,0.02904200553894043
2022-05-31T21:02:38.618015-07:00,appendEntries,0.02914595603942871
2022-05-31T21:02:38.651329-07:00,appendEntries,0.033197641372680664
2022-05-31T21:02:38.679781-07:00,appendEntries,0.028354167938232422
2022-05-31T21:02:38.708632-07:00,appendEntries,0.028760910034179688
2022-05-31T21:02:38.737793-07:00,appendEntries,0.029021024703979492
2022-05-31T21:02:38.766836-07:00,appendEntries,0.02893209457397461
2022-05-31T21:02:38.795692-07:00,appendEntries,0.028696775436401367
2022-05-31T21:02:38.824879-07:00,appendEntries,0.029089927673339844
2022-05-31T21:02:38.854701-07:00,appendEntries,0.02968001365661621
2022-05-31T21:02:38.883747-07:00,appendEntries,0.02893209457397461
2022-05-31T21:02:38.912436-07:00,appendEntries,0.02860736846923828
2022-05-31T21:02:38.942563-07:00,appendEntries,0.03002309799194336
2022-05-31T21:02:38.971677-07:00,appendEntries,0.028994083404541016
2022-05-31T21:02:39.001100-07:00,appendEntries,0.02929377555847168
2022-05-31T21:02:39.030121-07:00,appendEntries,0.028902053833007812
2022-05-31T21:02:39.059257-07:00,appendEntries,0.0290219783782959
2022-05-31T21:02:39.088131-07:00,appendEntries,0.028768062591552734
2022-05-31T21:02:39.117124-07:00,appendEntries,0.028875112533569336
2022-05-31T21:02:39.146633-07:00,appendEntries,0.02937006950378418
2022-05-31T21:02:39.175986-07:00,appendEntries,0.02921009063720703
2022-05-31T21:02:39.207757-07:00,appendEntries,0.03162813186645508
2022-05-31T21:02:39.237295-07:00,appendEntries,0.029407978057861328
2022-05-31T21:02:39.266465-07:00,appendEntries,0.029031038284301758
2022-05-31T21:02:39.295490-07:00,appendEntries,0.028903961181640625
2022-05-31T21:02:39.324482-07:00,appendEntries,0.028898000717163086
2022-05-31T21:02:39.353458-07:00,appendEntries,0.028866052627563477
2022-05-31T21:02:39.382098-07:00,appendEntries,0.028544902801513672
2022-05-31T21:02:39.410625-07:00,appendEntries,0.028442859649658203
2022-05-31T21:02:39.439274-07:00,appendEntries,0.02857661247253418
2022-05-31T21:02:39.468593-07:00,appendEntries,0.02920389175415039
2022-05-31T21:02:39.498146-07:00,appendEntries,0.02940678596496582
2022-05-31T21:02:39.526561-07:00,appendEntries,0.028352975845336914
2022-05-31T21:02:39.554898-07:00,appendEntries,0.02828383445739746
2022-05-31T21:02:39.583182-07:00,appendEntries,0.028236865997314453
2022-05-31T21:02:39.611592-07:00,appendEntries,0.028364896774291992
2022-05-31T21:02:39.639754-07:00,appendEntries,0.028117895126342773
2022-05-31T21:02:39.668054-07:00,appendEntries,0.028249025344848633
2022-05-31T21:02:39.696279-07:00,appendEntries,0.02817082405090332
2022-05-31T21:02:39.724707-07:00,appendEntries,0.028369903564453125
2022-05-31T21:02:39.753459-07:00,appendEntries,0.028675079345703125
2022-05-31T21:02:39.782604-07:00,appendEntries,0.029014110565185547
2022-05-31T21:02:39.812120-07:00,appendEntries,0.02937793731689453
2022-05-31T21:02:39.841260-07:00,appendEntries,0.02902507781982422
2022-05-31T21:02:39.870459-07:00,appendEntries,0.029095172882080078
2022-05-31T21:02:39.899132-07:00,appendEntries,0.028570175170898438
2022-05-31T21:02:39.927628-07:00,appendEntries,0.02841806411743164
2022-05-31T21:02:39.956101-07:00,appendEntries,0.028406143188476562
2022-05-31T21:02:39.984606-07:00,appendEntries,0.02842879295349121
2022-05-31T21:02:40.013158-07:00,appendEntries,0.028495073318481445
2022-05-31T21:02:40.041835-07:00,appendEntries,0.028629064559936523
2022-05-31T21:02:40.069994-07:00,appendEntries,0.02810382843017578
2022-05-31T21:02:40.098309-07:00,appendEntries,0.028219938278198242
2022-05-31T21:02:40.126527-07:00,appendEntries,0.02816295623779297
2022-05-31T21:02:40.154799-07:00,appendEntries,0.028222084045410156
2022-05-31T21:02:40.183113-07:00,appendEntries,0.028259992599487305
2022-05-31T21:02:40.211762-07:00,appendEntries,0.0285952091217041
2022-05-31T21:02:40.240120-07:00,appendEntries,0.0283050537109375
2022-05-31T21:02:40.268506-07:00,appendEntries,0.028330087661743164
2022-05-31T21:02:40.296798-07:00,appendEntries,0.02823662757873535
2022-05-31T21:02:40.325185-07:00,appendEntries,0.028331995010375977
2022-05-31T21:02:40.353590-07:00,appendEntries,0.028351783752441406
2022-05-31T21:02:40.381934-07:00,appendEntries,0.028289079666137695
2022-05-31T21:02:40.410353-07:00,appendEntries,0.028355121612548828
2022-05-31T21:02:40.438857-07:00,appendEntries,0.02844095230102539
2022-05-31T21:02:40.467441-07:00,appendEntries,0.028519153594970703
2022-05-31T21:02:40.495921-07:00,appendEntries,0.028424978256225586
2022-05-31T21:02:40.524080-07:00,appendEntries,0.02811598777770996
2022-05-31T21:02:40.552363-07:00,appendEntries,0.02823781967163086
2022-05-31T21:02:40.580569-07:00,appendEntries,0.02816295623779297
2022-05-31T21:02:40.608871-07:00,appendEntries,0.028259992599487305
2022-05-31T21:02:40.637433-07:00,appendEntries,0.028518199920654297
2022-05-31T21:02:40.665785-07:00,appendEntries,0.028305768966674805
2022-05-31T21:02:40.694178-07:00,appendEntries,0.028350114822387695
2022-05-31T21:02:40.723290-07:00,appendEntries,0.02889418601989746
2022-05-31T21:02:40.751438-07:00,appendEntries,0.028102874755859375
2022-05-31T21:02:40.780105-07:00,appendEntries,0.028620004653930664
2022-05-31T21:02:40.809391-07:00,appendEntries,0.029180049896240234
2022-05-31T21:02:40.838646-07:00,appendEntries,0.02914285659790039
2022-05-31T21:02:40.867635-07:00,appendEntries,0.028835773468017578
2022-05-31T21:02:40.896855-07:00,appendEntries,0.02909398078918457
2022-05-31T21:02:40.925857-07:00,appendEntries,0.02892279624938965
2022-05-31T21:02:40.955204-07:00,appendEntries,0.02912592887878418
2022-05-31T21:02:40.984413-07:00,appendEntries,0.029082059860229492
2022-05-31T21:02:41.013284-07:00,appendEntries,0.02875494956970215
2022-05-31T21:02:41.042887-07:00,appendEntries,0.029490232467651367
2022-05-31T21:02:41.071860-07:00,appendEntries,0.02886509895324707
2022-05-31T21:02:41.100991-07:00,appendEntries,0.029023170471191406
2022-05-31T21:02:41.130051-07:00,appendEntries,0.028929948806762695
2022-05-31T21:02:41.159040-07:00,appendEntries,0.028868913650512695
2022-05-31T21:02:41.188585-07:00,appendEntries,0.029417037963867188
2022-05-31T21:02:41.217723-07:00,appendEntries,0.029015064239501953
2022-05-31T21:02:41.247299-07:00,appendEntries,0.02945876121520996
2022-05-31T21:02:41.276205-07:00,appendEntries,0.02878594398498535
2022-05-31T21:02:41.304978-07:00,appendEntries,0.02866196632385254
2022-05-31T21:02:41.334391-07:00,appendEntries,0.029301881790161133
2022-05-31T21:02:41.363324-07:00,appendEntries,0.02881312370300293
2022-05-31T21:02:41.392321-07:00,appendEntries,0.028882741928100586
2022-05-31T21:02:41.421590-07:00,appendEntries,0.029170989990234375
2022-05-31T21:02:41.450791-07:00,appendEntries,0.029055118560791016
2022-05-31T21:02:41.480170-07:00,appendEntries,0.029256105422973633
2022-05-31T21:02:41.509613-07:00,appendEntries,0.029303789138793945
2022-05-31T21:02:41.538873-07:00,appendEntries,0.029113054275512695
2022-05-31T21:02:41.567712-07:00,appendEntries,0.02871417999267578
2022-05-31T21:02:41.596614-07:00,appendEntries,0.028789997100830078
2022-05-31T21:02:41.626305-07:00,appendEntries,0.02956986427307129
2022-05-31T21:02:41.655652-07:00,appendEntries,0.02920079231262207
2022-05-31T21:02:41.684995-07:00,appendEntries,0.029220104217529297
2022-05-31T21:02:41.714051-07:00,appendEntries,0.028942108154296875
2022-05-31T21:02:41.743130-07:00,appendEntries,0.02896881103515625
2022-05-31T21:02:41.772537-07:00,appendEntries,0.02929210662841797
2022-05-31T21:02:41.801346-07:00,appendEntries,0.028668880462646484
2022-05-31T21:02:41.830308-07:00,appendEntries,0.028870820999145508
2022-05-31T21:02:41.859362-07:00,appendEntries,0.02893996238708496
2022-05-31T21:02:41.888282-07:00,appendEntries,0.028783082962036133
2022-05-31T21:02:41.917151-07:00,appendEntries,0.028785228729248047
2022-05-31T21:02:41.947222-07:00,appendEntries,0.02996683120727539
2022-05-31T21:02:41.976305-07:00,appendEntries,0.028970003128051758
2022-05-31T21:02:42.005379-07:00,appendEntries,0.02895212173461914
2022-05-31T21:02:42.035174-07:00,appendEntries,0.029648303985595703
2022-05-31T21:02:42.064161-07:00,appendEntries,0.02887582778930664
2022-05-31T21:02:42.093079-07:00,appendEntries,0.028757095336914062
2022-05-31T21:02:42.122061-07:00,appendEntries,0.028873920440673828
2022-05-31T21:02:42.150955-07:00,appendEntries,0.02877974510192871
2022-05-31T21:02:42.180025-07:00,appendEntries,0.028955936431884766
2022-05-31T21:02:42.222791-07:00,appendEntries,0.04260706901550293
2022-05-31T21:02:42.252122-07:00,appendEntries,0.02921295166015625
2022-05-31T21:02:42.281589-07:00,appendEntries,0.029346942901611328
2022-05-31T21:02:42.310725-07:00,appendEntries,0.02902388572692871
2022-05-31T21:02:42.340726-07:00,appendEntries,0.02985692024230957
2022-05-31T21:02:42.371560-07:00,appendEntries,0.030710935592651367
2022-05-31T21:02:42.400114-07:00,appendEntries,0.028451204299926758
2022-05-31T21:02:42.428791-07:00,appendEntries,0.028594970703125
2022-05-31T21:02:42.457775-07:00,appendEntries,0.028879642486572266
2022-05-31T21:02:42.487165-07:00,appendEntries,0.029227018356323242
2022-05-31T21:02:42.516008-07:00,appendEntries,0.02872920036315918
2022-05-31T21:02:42.545084-07:00,appendEntries,0.028954029083251953
2022-05-31T21:02:42.573981-07:00,appendEntries,0.028787851333618164
2022-05-31T21:02:42.603053-07:00,appendEntries,0.028955698013305664
2022-05-31T21:02:42.632832-07:00,appendEntries,0.029631853103637695
2022-05-31T21:02:42.661824-07:00,appendEntries,0.028865814208984375
2022-05-31T21:02:42.691157-07:00,appendEntries,0.029208660125732422
2022-05-31T21:02:42.720342-07:00,appendEntries,0.029085874557495117
2022-05-31T21:02:42.749358-07:00,appendEntries,0.028898954391479492
2022-05-31T21:02:42.778978-07:00,appendEntries,0.029475927352905273
2022-05-31T21:02:42.807823-07:00,appendEntries,0.028728961944580078
2022-05-31T21:02:42.837135-07:00,appendEntries,0.02916717529296875
2022-05-31T21:02:42.865956-07:00,appendEntries,0.028719186782836914
2022-05-31T21:02:42.894613-07:00,appendEntries,0.028556108474731445
2022-05-31T21:02:42.923442-07:00,appendEntries,0.028744935989379883
2022-05-31T21:02:42.954686-07:00,appendEntries,0.031122207641601562
2022-05-31T21:02:42.983663-07:00,appendEntries,0.02885293960571289
2022-05-31T21:02:43.012449-07:00,appendEntries,0.028673887252807617
2022-05-31T21:02:43.043145-07:00,appendEntries,0.03057718276977539
2022-05-31T21:02:43.071795-07:00,appendEntries,0.02854609489440918
2022-05-31T21:02:43.100353-07:00,appendEntries,0.028477907180786133
2022-05-31T21:02:43.128920-07:00,appendEntries,0.02849292755126953
2022-05-31T21:02:43.157411-07:00,appendEntries,0.028415918350219727
2022-05-31T21:02:43.186597-07:00,appendEntries,0.02910590171813965
2022-05-31T21:02:43.215784-07:00,appendEntries,0.029052257537841797
2022-05-31T21:02:43.244488-07:00,appendEntries,0.028626203536987305
2022-05-31T21:02:43.273116-07:00,appendEntries,0.02854609489440918
2022-05-31T21:02:43.301565-07:00,appendEntries,0.02837228775024414
2022-05-31T21:02:43.330479-07:00,appendEntries,0.028839826583862305
2022-05-31T21:02:43.359682-07:00,appendEntries,0.029063940048217773
2022-05-31T21:02:43.388374-07:00,appendEntries,0.028586149215698242
2022-05-31T21:02:43.417796-07:00,appendEntries,0.02934098243713379
2022-05-31T21:02:43.446920-07:00,appendEntries,0.02900409698486328
2022-05-31T21:02:43.476088-07:00,appendEntries,0.029055118560791016
2022-05-31T21:02:43.505364-07:00,appendEntries,0.029129981994628906
2022-05-31T21:02:43.534204-07:00,appendEntries,0.028722047805786133
2022-05-31T21:02:43.563272-07:00,appendEntries,0.028918027877807617
2022-05-31T21:02:43.591998-07:00,appendEntries,0.028622150421142578
2022-05-31T21:02:43.620897-07:00,appendEntries,0.028780221939086914
2022-05-31T21:02:43.650035-07:00,appendEntries,0.02902507781982422
2022-05-31T21:02:43.678824-07:00,appendEntries,0.028686046600341797
2022-05-31T21:02:43.707558-07:00,appendEntries,0.02863001823425293
2022-05-31T21:02:43.737230-07:00,appendEntries,0.029533863067626953
2022-05-31T21:02:43.766223-07:00,appendEntries,0.02885913848876953
2022-05-31T21:02:43.795120-07:00,appendEntries,0.028777122497558594
2022-05-31T21:02:43.823831-07:00,appendEntries,0.028625011444091797
2022-05-31T21:02:43.852596-07:00,appendEntries,0.02865290641784668
2022-05-31T21:02:43.881236-07:00,appendEntries,0.02855682373046875
2022-05-31T21:02:43.909607-07:00,appendEntries,0.028302907943725586
2022-05-31T21:02:43.938244-07:00,appendEntries,0.02857184410095215
2022-05-31T21:02:43.966689-07:00,appendEntries,0.028376102447509766
2022-05-31T21:02:43.995392-07:00,appendEntries,0.028622865676879883
2022-05-31T21:02:44.024610-07:00,appendEntries,0.029146671295166016
2022-05-31T21:02:44.053297-07:00,appendEntries,0.02861309051513672
2022-05-31T21:02:44.081822-07:00,appendEntries,0.02844381332397461
2022-05-31T21:02:44.110567-07:00,appendEntries,0.028662919998168945
2022-05-31T21:02:44.139861-07:00,appendEntries,0.028900861740112305
2022-05-31T21:02:44.169119-07:00,appendEntries,0.029160261154174805
2022-05-31T21:02:44.198097-07:00,appendEntries,0.028858184814453125
2022-05-31T21:02:44.226488-07:00,appendEntries,0.02831101417541504
2022-05-31T21:02:44.255448-07:00,appendEntries,0.028886079788208008
2022-05-31T21:02:44.284175-07:00,appendEntries,0.028628110885620117
2022-05-31T21:02:44.313185-07:00,appendEntries,0.02880692481994629
2022-05-31T21:02:44.341818-07:00,appendEntries,0.02855086326599121
2022-05-31T21:02:44.370348-07:00,appendEntries,0.02845168113708496
2022-05-31T21:02:44.398835-07:00,appendEntries,0.028413057327270508
2022-05-31T21:02:44.427310-07:00,appendEntries,0.028336048126220703
2022-05-31T21:02:44.455767-07:00,appendEntries,0.028393030166625977
2022-05-31T21:02:44.484096-07:00,appendEntries,0.028268098831176758
2022-05-31T21:02:44.512535-07:00,appendEntries,0.028380870819091797
2022-05-31T21:02:44.540930-07:00,appendEntries,0.02834486961364746
2022-05-31T21:02:44.569475-07:00,appendEntries,0.02850198745727539
2022-05-31T21:02:44.598013-07:00,appendEntries,0.028494834899902344
2022-05-31T21:02:44.626257-07:00,appendEntries,0.028196096420288086
2022-05-31T21:02:44.654610-07:00,appendEntries,0.028306961059570312
2022-05-31T21:02:44.683215-07:00,appendEntries,0.028551101684570312
2022-05-31T21:02:44.711930-07:00,appendEntries,0.02865910530090332
2022-05-31T21:02:44.740524-07:00,appendEntries,0.028528928756713867
2022-05-31T21:02:44.769183-07:00,appendEntries,0.02855968475341797
2022-05-31T21:02:44.797894-07:00,appendEntries,0.02861309051513672
2022-05-31T21:02:44.826552-07:00,appendEntries,0.028581857681274414
2022-05-31T21:02:44.855142-07:00,appendEntries,0.02848505973815918
2022-05-31T21:02:44.883878-07:00,appendEntries,0.028654098510742188
2022-05-31T21:02:44.912420-07:00,appendEntries,0.0284731388092041
2022-05-31T21:02:44.940867-07:00,appendEntries,0.028382062911987305
2022-05-31T21:02:44.969380-07:00,appendEntries,0.028439044952392578
2022-05-31T21:02:44.998360-07:00,appendEntries,0.0288848876953125
2022-05-31T21:02:45.027212-07:00,appendEntries,0.02874612808227539
2022-05-31T21:02:45.057124-07:00,appendEntries,0.029819011688232422
2022-05-31T21:02:45.086210-07:00,appendEntries,0.02894115447998047
2022-05-31T21:02:45.114668-07:00,appendEntries,0.028385162353515625
2022-05-31T21:02:45.143427-07:00,appendEntries,0.028682947158813477
2022-05-31T21:02:45.173080-07:00,appendEntries,0.02931523323059082
2022-05-31T21:02:45.202226-07:00,appendEntries,0.029067039489746094
2022-05-31T21:02:45.231151-07:00,appendEntries,0.028623104095458984
2022-05-31T21:02:45.260335-07:00,appendEntries,0.02907586097717285
2022-05-31T21:02:45.288918-07:00,appendEntries,0.028506994247436523
2022-05-31T21:02:45.317687-07:00,appendEntries,0.02867293357849121
2022-05-31T21:02:45.346417-07:00,appendEntries,0.028617143630981445
2022-05-31T21:02:45.375943-07:00,appendEntries,0.0294189453125
2022-05-31T21:02:45.404351-07:00,appendEntries,0.0283358097076416
2022-05-31T21:02:45.433298-07:00,appendEntries,0.028872966766357422
2022-05-31T21:02:45.462304-07:00,appendEntries,0.028885841369628906
2022-05-31T21:02:45.491397-07:00,appendEntries,0.0289766788482666
2022-05-31T21:02:45.520084-07:00,appendEntries,0.02855682373046875
2022-05-31T21:02:45.549284-07:00,appendEntries,0.029094934463500977
2022-05-31T21:02:45.578288-07:00,appendEntries,0.028900146484375
2022-05-31T21:02:45.607383-07:00,appendEntries,0.028979063034057617
2022-05-31T21:02:45.636423-07:00,appendEntries,0.02892017364501953
2022-05-31T21:02:45.665521-07:00,appendEntries,0.02897810935974121
2022-05-31T21:02:45.694981-07:00,appendEntries,0.029282093048095703
2022-05-31T21:02:45.724364-07:00,appendEntries,0.02926778793334961
2022-05-31T21:02:45.753811-07:00,appendEntries,0.029326200485229492
2022-05-31T21:02:45.782963-07:00,appendEntries,0.029006242752075195
2022-05-31T21:02:45.812465-07:00,appendEntries,0.02938699722290039
2022-05-31T21:02:45.841843-07:00,appendEntries,0.029227018356323242
2022-05-31T21:02:45.870959-07:00,appendEntries,0.02900981903076172
2022-05-31T21:02:45.900294-07:00,appendEntries,0.02922797203063965
2022-05-31T21:02:45.929170-07:00,appendEntries,0.028776884078979492
2022-05-31T21:02:45.958280-07:00,appendEntries,0.02886223793029785
2022-05-31T21:02:45.987328-07:00,appendEntries,0.028927087783813477
2022-05-31T21:02:46.016194-07:00,appendEntries,0.028748035430908203
2022-05-31T21:02:46.045658-07:00,appendEntries,0.02934718132019043
2022-05-31T21:02:46.074630-07:00,appendEntries,0.028851985931396484
2022-05-31T21:02:46.103669-07:00,appendEntries,0.02890324592590332
2022-05-31T21:02:46.133414-07:00,appendEntries,0.029551982879638672
2022-05-31T21:02:46.162493-07:00,appendEntries,0.02895498275756836
2022-05-31T21:02:46.191652-07:00,appendEntries,0.029031991958618164
2022-05-31T21:02:46.220482-07:00,appendEntries,0.028712987899780273
2022-05-31T21:02:46.249799-07:00,appendEntries,0.029202938079833984
2022-05-31T21:02:46.279098-07:00,appendEntries,0.029178142547607422
2022-05-31T21:02:46.307978-07:00,appendEntries,0.028769731521606445
2022-05-31T21:02:46.337270-07:00,appendEntries,0.02919316291809082
2022-05-31T21:02:46.366145-07:00,appendEntries,0.028772830963134766
2022-05-31T21:02:46.395239-07:00,appendEntries,0.02897500991821289
2022-05-31T21:02:46.424945-07:00,appendEntries,0.029620885848999023
2022-05-31T21:02:46.453987-07:00,appendEntries,0.028946876525878906
2022-05-31T21:02:46.482907-07:00,appendEntries,0.028800010681152344
2022-05-31T21:02:46.511983-07:00,appendEntries,0.02896404266357422
2022-05-31T21:02:46.541112-07:00,appendEntries,0.028982877731323242
2022-05-31T21:02:46.570625-07:00,appendEntries,0.029377222061157227
2022-05-31T21:02:46.599707-07:00,appendEntries,0.028982162475585938
2022-05-31T21:02:46.629262-07:00,appendEntries,0.029407978057861328
2022-05-31T21:02:46.658106-07:00,appendEntries,0.028739213943481445
2022-05-31T21:02:46.687465-07:00,appendEntries,0.029217004776000977
2022-05-31T21:02:46.716778-07:00,appendEntries,0.029036998748779297
2022-05-31T21:02:46.745536-07:00,appendEntries,0.028653621673583984
2022-05-31T21:02:46.774522-07:00,appendEntries,0.0288848876953125
2022-05-31T21:02:46.803349-07:00,appendEntries,0.02872776985168457
2022-05-31T21:02:46.832638-07:00,appendEntries,0.02918219566345215
2022-05-31T21:02:46.863257-07:00,appendEntries,0.03047490119934082
2022-05-31T21:02:46.892314-07:00,appendEntries,0.02894306182861328
2022-05-31T21:02:46.921174-07:00,appendEntries,0.028775930404663086
2022-05-31T21:02:46.950216-07:00,appendEntries,0.028898000717163086
2022-05-31T21:02:46.979372-07:00,appendEntries,0.029040813446044922
2022-05-31T21:02:47.008482-07:00,appendEntries,0.028972148895263672
2022-05-31T21:02:47.037570-07:00,appendEntries,0.028964996337890625
2022-05-31T21:02:47.066367-07:00,appendEntries,0.028696775436401367
2022-05-31T21:02:47.095365-07:00,appendEntries,0.028886079788208008
2022-05-31T21:02:47.124477-07:00,appendEntries,0.028987884521484375
2022-05-31T21:02:47.153808-07:00,appendEntries,0.029178142547607422
2022-05-31T21:02:47.183236-07:00,appendEntries,0.029095888137817383
2022-05-31T21:02:47.212552-07:00,appendEntries,0.029208898544311523
2022-05-31T21:02:47.241719-07:00,appendEntries,0.029052019119262695
2022-05-31T21:02:47.270907-07:00,appendEntries,0.029072284698486328
2022-05-31T21:02:47.300159-07:00,appendEntries,0.029139995574951172
2022-05-31T21:02:47.329336-07:00,appendEntries,0.029062747955322266
2022-05-31T21:02:47.358321-07:00,appendEntries,0.028794050216674805
2022-05-31T21:02:47.387446-07:00,appendEntries,0.028990745544433594
2022-05-31T21:02:47.417653-07:00,appendEntries,0.030121803283691406
2022-05-31T21:02:47.446659-07:00,appendEntries,0.028907060623168945
2022-05-31T21:02:47.475989-07:00,appendEntries,0.029214859008789062
2022-05-31T21:02:47.505003-07:00,appendEntries,0.028872966766357422
2022-05-31T21:02:47.534204-07:00,appendEntries,0.029054880142211914
2022-05-31T21:02:47.563617-07:00,appendEntries,0.029261112213134766
2022-05-31T21:02:47.592463-07:00,appendEntries,0.02874898910522461
2022-05-31T21:02:47.621541-07:00,appendEntries,0.028959035873413086
2022-05-31T21:02:47.650629-07:00,appendEntries,0.028985023498535156
2022-05-31T21:02:47.679430-07:00,appendEntries,0.028682947158813477
2022-05-31T21:02:47.708999-07:00,appendEntries,0.029448986053466797
2022-05-31T21:02:47.737984-07:00,appendEntries,0.0288698673248291
2022-05-31T21:02:47.766553-07:00,appendEntries,0.028474092483520508
2022-05-31T21:02:47.795923-07:00,appendEntries,0.02927422523498535
2022-05-31T21:02:47.824999-07:00,appendEntries,0.028890132904052734
2022-05-31T21:02:47.854028-07:00,appendEntries,0.02889084815979004
2022-05-31T21:02:47.882853-07:00,appendEntries,0.028606891632080078
2022-05-31T21:02:47.911798-07:00,appendEntries,0.02886509895324707
2022-05-31T21:02:47.941297-07:00,appendEntries,0.029393911361694336
2022-05-31T21:02:47.970598-07:00,appendEntries,0.02915811538696289
2022-05-31T21:02:47.999897-07:00,appendEntries,0.029175996780395508
2022-05-31T21:02:48.029825-07:00,appendEntries,0.02934408187866211
2022-05-31T21:02:48.059046-07:00,appendEntries,0.029129981994628906
2022-05-31T21:02:48.088406-07:00,appendEntries,0.02920985221862793
2022-05-31T21:02:48.117619-07:00,appendEntries,0.029067039489746094
2022-05-31T21:02:48.147004-07:00,appendEntries,0.029272079467773438
2022-05-31T21:02:48.175967-07:00,appendEntries,0.028842687606811523
2022-05-31T21:02:48.204874-07:00,appendEntries,0.028801918029785156
2022-05-31T21:02:48.233818-07:00,appendEntries,0.02883601188659668
2022-05-31T21:02:48.262877-07:00,appendEntries,0.028940916061401367
2022-05-31T21:02:48.292451-07:00,appendEntries,0.029448986053466797
2022-05-31T21:02:48.321412-07:00,appendEntries,0.028841018676757812
2022-05-31T21:02:48.350572-07:00,appendEntries,0.02905869483947754
2022-05-31T21:02:48.379748-07:00,appendEntries,0.02906203269958496
2022-05-31T21:02:48.408397-07:00,appendEntries,0.028577089309692383
2022-05-31T21:02:48.437201-07:00,appendEntries,0.028729915618896484
2022-05-31T21:02:48.466807-07:00,appendEntries,0.029486894607543945
2022-05-31T21:02:48.495860-07:00,appendEntries,0.028934001922607422
2022-05-31T21:02:48.524936-07:00,appendEntries,0.028958797454833984
2022-05-31T21:02:48.554171-07:00,appendEntries,0.029092073440551758
2022-05-31T21:02:48.583661-07:00,appendEntries,0.02934718132019043
2022-05-31T21:02:48.612567-07:00,appendEntries,0.02878594398498535
2022-05-31T21:02:48.642626-07:00,appendEntries,0.029947996139526367
2022-05-31T21:02:48.671776-07:00,appendEntries,0.02904677391052246
2022-05-31T21:02:48.700758-07:00,appendEntries,0.028857946395874023
2022-05-31T21:02:48.730606-07:00,appendEntries,0.02973198890686035
2022-05-31T21:02:48.759715-07:00,appendEntries,0.028970003128051758
2022-05-31T21:02:48.788675-07:00,appendEntries,0.0288541316986084
2022-05-31T21:02:48.817533-07:00,appendEntries,0.02874302864074707
2022-05-31T21:02:48.846550-07:00,appendEntries,0.028876781463623047
2022-05-31T21:02:48.875611-07:00,appendEntries,0.028944969177246094
2022-05-31T21:02:48.904533-07:00,appendEntries,0.028836727142333984
2022-05-31T21:02:48.933312-07:00,appendEntries,0.02867579460144043
2022-05-31T21:02:48.962468-07:00,appendEntries,0.029036998748779297
2022-05-31T21:02:48.991517-07:00,appendEntries,0.02892899513244629
2022-05-31T21:02:49.020462-07:00,appendEntries,0.028844118118286133
2022-05-31T21:02:49.050509-07:00,appendEntries,0.02989816665649414
2022-05-31T21:02:49.080188-07:00,appendEntries,0.029530048370361328
2022-05-31T21:02:49.109356-07:00,appendEntries,0.029019832611083984
2022-05-31T21:02:49.138685-07:00,appendEntries,0.029191017150878906
2022-05-31T21:02:49.170035-07:00,appendEntries,0.03122997283935547
2022-05-31T21:02:49.199479-07:00,appendEntries,0.029226064682006836
2022-05-31T21:02:49.228366-07:00,appendEntries,0.028769969940185547
2022-05-31T21:02:49.258157-07:00,appendEntries,0.02969193458557129
2022-05-31T21:02:49.286926-07:00,appendEntries,0.028662919998168945
2022-05-31T21:02:49.315985-07:00,appendEntries,0.028959035873413086
2022-05-31T21:02:49.345064-07:00,appendEntries,0.028968095779418945
2022-05-31T21:02:49.373825-07:00,appendEntries,0.02864217758178711
2022-05-31T21:02:49.403467-07:00,appendEntries,0.029556989669799805
2022-05-31T21:02:49.432459-07:00,appendEntries,0.028886795043945312
2022-05-31T21:02:49.462229-07:00,appendEntries,0.029613733291625977
2022-05-31T21:02:49.491358-07:00,appendEntries,0.029007911682128906
2022-05-31T21:02:49.520492-07:00,appendEntries,0.029057979583740234
2022-05-31T21:02:49.548807-07:00,appendEntries,0.028257131576538086
2022-05-31T21:02:49.577055-07:00,appendEntries,0.028198719024658203
2022-05-31T21:02:49.605325-07:00,appendEntries,0.02822709083557129
2022-05-31T21:02:49.633558-07:00,appendEntries,0.02818584442138672
2022-05-31T21:02:49.661728-07:00,appendEntries,0.028120994567871094
2022-05-31T21:02:49.690142-07:00,appendEntries,0.028362035751342773
2022-05-31T21:02:49.718553-07:00,appendEntries,0.028355121612548828
2022-05-31T21:02:49.746802-07:00,appendEntries,0.028190135955810547
2022-05-31T21:02:49.775818-07:00,appendEntries,0.028948068618774414
2022-05-31T21:02:49.804372-07:00,appendEntries,0.02845597267150879
2022-05-31T21:02:49.833317-07:00,appendEntries,0.028856277465820312
2022-05-31T21:02:49.863748-07:00,appendEntries,0.03027629852294922
2022-05-31T21:02:49.893005-07:00,appendEntries,0.029117822647094727
2022-05-31T21:02:49.921329-07:00,appendEntries,0.0282590389251709
2022-05-31T21:02:49.949902-07:00,appendEntries,0.02849888801574707
2022-05-31T21:02:49.978831-07:00,appendEntries,0.028810977935791016
2022-05-31T21:02:50.009120-07:00,appendEntries,0.0300140380859375
2022-05-31T21:02:50.037912-07:00,appendEntries,0.028687000274658203
2022-05-31T21:02:50.066855-07:00,appendEntries,0.02883601188659668
2022-05-31T21:02:50.096000-07:00,appendEntries,0.029006004333496094
2022-05-31T21:02:50.125930-07:00,appendEntries,0.02971482276916504
2022-05-31T21:02:50.155005-07:00,appendEntries,0.028950929641723633
2022-05-31T21:02:50.184451-07:00,appendEntries,0.029333829879760742
2022-05-31T21:02:50.213728-07:00,appendEntries,0.02913379669189453
2022-05-31T21:02:50.242851-07:00,appendEntries,0.029000043869018555
2022-05-31T21:02:50.272352-07:00,appendEntries,0.029376983642578125
2022-05-31T21:02:50.301323-07:00,appendEntries,0.028854846954345703
2022-05-31T21:02:50.330244-07:00,appendEntries,0.02880096435546875
2022-05-31T21:02:50.359316-07:00,appendEntries,0.028952836990356445
2022-05-31T21:02:50.388471-07:00,appendEntries,0.029047727584838867
2022-05-31T21:02:50.417962-07:00,appendEntries,0.02938079833984375
2022-05-31T21:02:50.447090-07:00,appendEntries,0.029002904891967773
2022-05-31T21:02:50.475597-07:00,appendEntries,0.028435945510864258
2022-05-31T21:02:50.503693-07:00,appendEntries,0.028042078018188477
2022-05-31T21:02:50.532062-07:00,appendEntries,0.028322935104370117
2022-05-31T21:02:50.560206-07:00,appendEntries,0.028096914291381836
2022-05-31T21:02:50.588619-07:00,appendEntries,0.028364896774291992
2022-05-31T21:02:50.616975-07:00,appendEntries,0.028303146362304688
2022-05-31T21:02:50.645256-07:00,appendEntries,0.028226852416992188
2022-05-31T21:02:50.673601-07:00,appendEntries,0.02828502655029297
2022-05-31T21:02:50.702405-07:00,appendEntries,0.028734922409057617
2022-05-31T21:02:50.731870-07:00,appendEntries,0.02934718132019043
2022-05-31T21:02:50.761074-07:00,appendEntries,0.029067039489746094
2022-05-31T21:02:50.790214-07:00,appendEntries,0.0290219783782959
2022-05-31T21:02:50.819413-07:00,appendEntries,0.02908802032470703
2022-05-31T21:02:50.849170-07:00,appendEntries,0.029651880264282227
2022-05-31T21:02:50.878102-07:00,appendEntries,0.028789043426513672
2022-05-31T21:02:50.906923-07:00,appendEntries,0.02876591682434082
2022-05-31T21:02:50.935965-07:00,appendEntries,0.028923988342285156
2022-05-31T21:02:50.964768-07:00,appendEntries,0.028708934783935547
2022-05-31T21:02:50.993999-07:00,appendEntries,0.029113054275512695
2022-05-31T21:02:51.022650-07:00,appendEntries,0.02855515480041504
2022-05-31T21:02:51.051682-07:00,appendEntries,0.028941869735717773
2022-05-31T21:02:51.080402-07:00,appendEntries,0.028623104095458984
2022-05-31T21:02:51.109398-07:00,appendEntries,0.028903961181640625
2022-05-31T21:02:51.138386-07:00,appendEntries,0.02884387969970703
2022-05-31T21:02:51.167193-07:00,appendEntries,0.02868199348449707
2022-05-31T21:02:51.195701-07:00,appendEntries,0.028413057327270508
2022-05-31T21:02:51.224334-07:00,appendEntries,0.028589963912963867
2022-05-31T21:02:51.253086-07:00,appendEntries,0.02866506576538086
2022-05-31T21:02:51.282498-07:00,appendEntries,0.029296875
2022-05-31T21:02:51.311521-07:00,appendEntries,0.02890777587890625
2022-05-31T21:02:51.340842-07:00,appendEntries,0.029124021530151367
2022-05-31T21:02:51.371282-07:00,appendEntries,0.030315160751342773
2022-05-31T21:02:51.400081-07:00,appendEntries,0.02868509292602539
2022-05-31T21:02:51.428851-07:00,appendEntries,0.02868509292602539
2022-05-31T21:02:51.458068-07:00,appendEntries,0.029093027114868164
2022-05-31T21:02:51.488539-07:00,appendEntries,0.030341148376464844
2022-05-31T21:02:51.517602-07:00,appendEntries,0.028935909271240234
2022-05-31T21:02:51.546557-07:00,appendEntries,0.028825044631958008
2022-05-31T21:02:51.575833-07:00,appendEntries,0.02912306785583496
2022-05-31T21:02:51.605317-07:00,appendEntries,0.029320955276489258
2022-05-31T21:02:51.634410-07:00,appendEntries,0.02895379066467285
2022-05-31T21:02:51.663308-07:00,appendEntries,0.02879500389099121
2022-05-31T21:02:51.692188-07:00,appendEntries,0.028735876083374023
2022-05-31T21:02:51.721032-07:00,appendEntries,0.028731107711791992
2022-05-31T21:02:51.750651-07:00,appendEntries,0.02947998046875
2022-05-31T21:02:51.779482-07:00,appendEntries,0.02866816520690918
2022-05-31T21:02:51.808146-07:00,appendEntries,0.028570175170898438
2022-05-31T21:02:51.838617-07:00,appendEntries,0.03032970428466797
2022-05-31T21:02:51.867618-07:00,appendEntries,0.028902769088745117
2022-05-31T21:02:51.897301-07:00,appendEntries,0.029480934143066406
2022-05-31T21:02:51.926262-07:00,appendEntries,0.02883291244506836
2022-05-31T21:02:51.955292-07:00,appendEntries,0.028909921646118164
2022-05-31T21:02:51.984356-07:00,appendEntries,0.02894902229309082
2022-05-31T21:02:52.013533-07:00,appendEntries,0.029036998748779297
2022-05-31T21:02:52.042940-07:00,appendEntries,0.02907395362854004
2022-05-31T21:02:52.072336-07:00,appendEntries,0.029253721237182617
2022-05-31T21:02:52.101156-07:00,appendEntries,0.02863478660583496
2022-05-31T21:02:52.130019-07:00,appendEntries,0.028752803802490234
2022-05-31T21:02:52.159336-07:00,appendEntries,0.029178142547607422
2022-05-31T21:02:52.189534-07:00,appendEntries,0.02982020378112793
2022-05-31T21:02:52.218479-07:00,appendEntries,0.028835058212280273
2022-05-31T21:02:52.247087-07:00,appendEntries,0.02851080894470215
2022-05-31T21:02:52.275799-07:00,appendEntries,0.02861785888671875
2022-05-31T21:02:52.304414-07:00,appendEntries,0.028518199920654297
2022-05-31T21:02:52.334268-07:00,appendEntries,0.029672861099243164
2022-05-31T21:02:52.363094-07:00,appendEntries,0.02872610092163086
2022-05-31T21:02:52.391796-07:00,appendEntries,0.028587818145751953
2022-05-31T21:02:52.420623-07:00,appendEntries,0.028740882873535156
2022-05-31T21:02:52.449648-07:00,appendEntries,0.028853893280029297
2022-05-31T21:02:52.478504-07:00,appendEntries,0.02873706817626953
2022-05-31T21:02:52.508376-07:00,appendEntries,0.02973484992980957
2022-05-31T21:02:52.537310-07:00,appendEntries,0.028826236724853516
2022-05-31T21:02:52.566398-07:00,appendEntries,0.02896404266357422
2022-05-31T21:02:52.595343-07:00,appendEntries,0.02883291244506836
2022-05-31T21:02:52.624577-07:00,appendEntries,0.029112815856933594
2022-05-31T21:02:52.654338-07:00,appendEntries,0.02960991859436035
2022-05-31T21:02:52.684243-07:00,appendEntries,0.02976226806640625
2022-05-31T21:02:52.713229-07:00,appendEntries,0.028839826583862305
2022-05-31T21:02:52.742305-07:00,appendEntries,0.028955936431884766
2022-05-31T21:02:52.771764-07:00,appendEntries,0.029345035552978516
2022-05-31T21:02:52.800918-07:00,appendEntries,0.029054880142211914
2022-05-31T21:02:52.830109-07:00,appendEntries,0.029078006744384766
2022-05-31T21:02:52.859117-07:00,appendEntries,0.02889084815979004
2022-05-31T21:02:52.888105-07:00,appendEntries,0.0288546085357666
2022-05-31T21:02:52.917022-07:00,appendEntries,0.028828144073486328
2022-05-31T21:02:52.946252-07:00,appendEntries,0.029109954833984375
2022-05-31T21:02:52.975547-07:00,appendEntries,0.029181957244873047
2022-05-31T21:02:53.004957-07:00,appendEntries,0.029268980026245117
2022-05-31T21:02:53.034005-07:00,appendEntries,0.028927087783813477
2022-05-31T21:02:53.063164-07:00,appendEntries,0.02905583381652832
2022-05-31T21:02:53.092329-07:00,appendEntries,0.02903008460998535
2022-05-31T21:02:53.122077-07:00,appendEntries,0.029627084732055664
2022-05-31T21:02:53.151208-07:00,appendEntries,0.02901315689086914
2022-05-31T21:02:53.180219-07:00,appendEntries,0.028896093368530273
2022-05-31T21:02:53.209259-07:00,appendEntries,0.028941869735717773
2022-05-31T21:02:53.238330-07:00,appendEntries,0.028805255889892578
2022-05-31T21:02:53.267323-07:00,appendEntries,0.02885603904724121
2022-05-31T21:02:53.296103-07:00,appendEntries,0.028683185577392578
2022-05-31T21:02:53.326084-07:00,appendEntries,0.02986907958984375
2022-05-31T21:02:53.355189-07:00,appendEntries,0.029011964797973633
2022-05-31T21:02:53.383776-07:00,appendEntries,0.02847576141357422
2022-05-31T21:02:53.412677-07:00,appendEntries,0.02881789207458496
2022-05-31T21:02:53.441379-07:00,appendEntries,0.028573036193847656
2022-05-31T21:02:53.470261-07:00,appendEntries,0.028767824172973633
2022-05-31T21:02:53.499409-07:00,appendEntries,0.02902698516845703
2022-05-31T21:02:53.529280-07:00,appendEntries,0.02968287467956543
2022-05-31T21:02:53.558384-07:00,appendEntries,0.02898883819580078
2022-05-31T21:02:53.587639-07:00,appendEntries,0.028970956802368164
2022-05-31T21:02:53.616406-07:00,appendEntries,0.028667926788330078
2022-05-31T21:02:53.648987-07:00,appendEntries,0.03245997428894043
2022-05-31T21:02:53.678011-07:00,appendEntries,0.028465986251831055
2022-05-31T21:02:53.706966-07:00,appendEntries,0.028841018676757812
2022-05-31T21:02:53.736555-07:00,appendEntries,0.029449939727783203
2022-05-31T21:02:53.766277-07:00,appendEntries,0.029583215713500977
2022-05-31T21:02:53.796854-07:00,appendEntries,0.03043389320373535
2022-05-31T21:02:53.830284-07:00,appendEntries,0.03329181671142578
2022-05-31T21:02:53.859378-07:00,appendEntries,0.028951168060302734
2022-05-31T21:02:53.888675-07:00,appendEntries,0.02916097640991211
2022-05-31T21:02:53.917653-07:00,appendEntries,0.028867721557617188
2022-05-31T21:02:53.946701-07:00,appendEntries,0.02879810333251953
2022-05-31T21:02:53.975797-07:00,appendEntries,0.02898383140563965
2022-05-31T21:02:54.004695-07:00,appendEntries,0.028779983520507812
2022-05-31T21:02:54.033779-07:00,appendEntries,0.028959035873413086
2022-05-31T21:02:54.064935-07:00,appendEntries,0.03101801872253418
2022-05-31T21:02:54.094119-07:00,appendEntries,0.02897810935974121
2022-05-31T21:02:54.123180-07:00,appendEntries,0.02895498275756836
2022-05-31T21:02:54.152517-07:00,appendEntries,0.029195070266723633
2022-05-31T21:02:54.181998-07:00,appendEntries,0.029365062713623047
2022-05-31T21:02:54.210706-07:00,appendEntries,0.028586149215698242
2022-05-31T21:02:54.239095-07:00,appendEntries,0.028277158737182617
2022-05-31T21:02:54.297523-07:00,appendEntries,0.05835318565368652
2022-05-31T21:02:54.329609-07:00,appendEntries,0.031951189041137695
2022-05-31T21:02:54.360392-07:00,appendEntries,0.030644893646240234
2022-05-31T21:02:54.388616-07:00,appendEntries,0.02810525894165039
2022-05-31T21:02:54.416405-07:00,appendEntries,0.027710914611816406
2022-05-31T21:02:54.444553-07:00,appendEntries,0.02803206443786621
2022-05-31T21:02:54.471888-07:00,appendEntries,0.02722311019897461
2022-05-31T21:02:54.498988-07:00,appendEntries,0.026894092559814453
2022-05-31T21:02:54.525462-07:00,appendEntries,0.026411056518554688
2022-05-31T21:02:54.552010-07:00,appendEntries,0.026492834091186523
2022-05-31T21:02:54.578518-07:00,appendEntries,0.026463985443115234
2022-05-31T21:02:54.604930-07:00,appendEntries,0.02637314796447754
2022-05-31T21:02:54.631433-07:00,appendEntries,0.026453018188476562
2022-05-31T21:02:54.657935-07:00,appendEntries,0.026454925537109375
2022-05-31T21:02:54.684465-07:00,appendEntries,0.026479005813598633
2022-05-31T21:02:54.711036-07:00,appendEntries,0.026519060134887695
2022-05-31T21:02:54.737531-07:00,appendEntries,0.026437997817993164
2022-05-31T21:02:54.764150-07:00,appendEntries,0.02656102180480957
2022-05-31T21:02:54.790818-07:00,appendEntries,0.026600122451782227
2022-05-31T21:02:54.817621-07:00,appendEntries,0.026649951934814453
2022-05-31T21:02:54.844971-07:00,appendEntries,0.027261018753051758
2022-05-31T21:02:54.872127-07:00,appendEntries,0.027039051055908203
2022-05-31T21:02:54.898837-07:00,appendEntries,0.026629924774169922
2022-05-31T21:02:54.925573-07:00,appendEntries,0.026662111282348633
2022-05-31T21:02:54.952874-07:00,appendEntries,0.027196884155273438
2022-05-31T21:02:54.980404-07:00,appendEntries,0.02741408348083496
2022-05-31T21:02:55.008365-07:00,appendEntries,0.027843713760375977
2022-05-31T21:02:55.035610-07:00,appendEntries,0.027139902114868164
2022-05-31T21:02:55.062783-07:00,appendEntries,0.027070999145507812
2022-05-31T21:02:55.091840-07:00,appendEntries,0.027364730834960938
2022-05-31T21:02:55.119237-07:00,appendEntries,0.02721691131591797
2022-05-31T21:02:55.149339-07:00,appendEntries,0.02998805046081543
2022-05-31T21:02:55.176473-07:00,appendEntries,0.027005910873413086
2022-05-31T21:02:55.203803-07:00,appendEntries,0.027173995971679688
2022-05-31T21:02:55.231247-07:00,appendEntries,0.027320146560668945
2022-05-31T21:02:55.258756-07:00,appendEntries,0.027034759521484375
2022-05-31T21:02:55.286268-07:00,appendEntries,0.02740311622619629
2022-05-31T21:02:55.313450-07:00,appendEntries,0.026990890502929688
2022-05-31T21:02:55.341104-07:00,appendEntries,0.027515172958374023
2022-05-31T21:02:55.367739-07:00,appendEntries,0.026511192321777344
2022-05-31T21:02:55.430760-07:00,appendEntries,0.0629281997680664
2022-05-31T21:02:55.464180-07:00,appendEntries,0.03330707550048828
2022-05-31T21:02:55.495636-07:00,appendEntries,0.03133130073547363
2022-05-31T21:02:55.523377-07:00,appendEntries,0.027622222900390625
2022-05-31T21:02:55.551967-07:00,appendEntries,0.028477907180786133
2022-05-31T21:02:55.579461-07:00,appendEntries,0.027375221252441406
2022-05-31T21:02:55.606572-07:00,appendEntries,0.02700495719909668
2022-05-31T21:02:55.634163-07:00,appendEntries,0.027477025985717773
2022-05-31T21:02:55.661436-07:00,appendEntries,0.027154922485351562
2022-05-31T21:02:55.688589-07:00,appendEntries,0.027048110961914062
2022-05-31T21:02:55.716208-07:00,appendEntries,0.02752089500427246
2022-05-31T21:02:55.743173-07:00,appendEntries,0.02687215805053711
2022-05-31T21:02:55.770216-07:00,appendEntries,0.02695012092590332
2022-05-31T21:02:55.797832-07:00,appendEntries,0.02733016014099121
2022-05-31T21:02:55.824419-07:00,appendEntries,0.026501178741455078
2022-05-31T21:02:55.850997-07:00,appendEntries,0.02651381492614746
2022-05-31T21:02:55.877675-07:00,appendEntries,0.026613950729370117
2022-05-31T21:02:55.904139-07:00,appendEntries,0.026396751403808594
2022-05-31T21:02:55.930641-07:00,appendEntries,0.026439189910888672
2022-05-31T21:02:55.957233-07:00,appendEntries,0.026522159576416016
2022-05-31T21:02:55.983671-07:00,appendEntries,0.02637791633605957
2022-05-31T21:02:56.010135-07:00,appendEntries,0.026404142379760742
2022-05-31T21:02:56.036730-07:00,appendEntries,0.026536941528320312
2022-05-31T21:02:56.063069-07:00,appendEntries,0.026282787322998047
2022-05-31T21:02:56.089658-07:00,appendEntries,0.02653217315673828
2022-05-31T21:02:56.116194-07:00,appendEntries,0.026478052139282227
2022-05-31T21:02:56.142608-07:00,appendEntries,0.026346921920776367
2022-05-31T21:02:56.169578-07:00,appendEntries,0.0269010066986084
2022-05-31T21:02:56.197347-07:00,appendEntries,0.02707386016845703
2022-05-31T21:02:56.225167-07:00,appendEntries,0.027645111083984375
2022-05-31T21:02:56.252458-07:00,appendEntries,0.026828765869140625
2022-05-31T21:02:56.279300-07:00,appendEntries,0.026766061782836914
2022-05-31T21:02:56.306781-07:00,appendEntries,0.027380943298339844
2022-05-31T21:02:56.334872-07:00,appendEntries,0.027946949005126953
2022-05-31T21:02:56.361931-07:00,appendEntries,0.026922941207885742
2022-05-31T21:02:56.388324-07:00,appendEntries,0.02632308006286621
2022-05-31T21:02:56.414937-07:00,appendEntries,0.026551008224487305
2022-05-31T21:02:56.441300-07:00,appendEntries,0.026301860809326172
2022-05-31T21:02:56.467957-07:00,appendEntries,0.026619911193847656
2022-05-31T21:02:57.652489-07:00, add membership,151.91299999999998
2022-05-31T21:02:57.714228-07:00,appendEntries,0.061688899993896484
2022-05-31T21:02:57.746779-07:00,appendEntries,0.032510995864868164
2022-05-31T21:02:57.778829-07:00,appendEntries,0.03200984001159668
2022-05-31T21:02:57.807220-07:00,appendEntries,0.02834773063659668
2022-05-31T21:02:57.835776-07:00,appendEntries,0.028508901596069336
2022-05-31T21:02:57.863925-07:00,appendEntries,0.028096914291381836
2022-05-31T21:02:57.892201-07:00,appendEntries,0.028219938278198242
2022-05-31T21:02:57.920294-07:00,appendEntries,0.02802300453186035
2022-05-31T21:02:57.948510-07:00,appendEntries,0.028156757354736328
2022-05-31T21:02:57.976884-07:00,appendEntries,0.02830815315246582
2022-05-31T21:02:58.005540-07:00,appendEntries,0.028537750244140625
2022-05-31T21:02:58.034182-07:00,appendEntries,0.02849888801574707
2022-05-31T21:02:58.062791-07:00,appendEntries,0.028403043746948242
2022-05-31T21:02:58.091721-07:00,appendEntries,0.028844833374023438
2022-05-31T21:02:58.120413-07:00,appendEntries,0.02857208251953125
2022-05-31T21:02:58.149422-07:00,appendEntries,0.028894901275634766
2022-05-31T21:02:58.178260-07:00,appendEntries,0.028721094131469727
2022-05-31T21:02:58.207783-07:00,appendEntries,0.02940201759338379
2022-05-31T21:02:58.237159-07:00,appendEntries,0.029187917709350586
2022-05-31T21:02:58.266354-07:00,appendEntries,0.02907705307006836
2022-05-31T21:02:58.295716-07:00,appendEntries,0.02920985221862793
2022-05-31T21:02:58.324705-07:00,appendEntries,0.028851985931396484
2022-05-31T21:02:58.353791-07:00,appendEntries,0.028948307037353516
2022-05-31T21:02:58.383196-07:00,appendEntries,0.029124975204467773
2022-05-31T21:02:58.411202-07:00,appendEntries,0.027936220169067383
2022-05-31T21:02:58.439639-07:00,appendEntries,0.028364181518554688
2022-05-31T21:02:58.468228-07:00,appendEntries,0.028484821319580078
2022-05-31T21:02:58.497516-07:00,appendEntries,0.02909684181213379
2022-05-31T21:02:58.526142-07:00,appendEntries,0.02851390838623047
2022-05-31T21:02:58.554836-07:00,appendEntries,0.02857804298400879
2022-05-31T21:02:58.584383-07:00,appendEntries,0.02942514419555664
2022-05-31T21:02:58.613116-07:00,appendEntries,0.02861499786376953
2022-05-31T21:02:58.641655-07:00,appendEntries,0.028424978256225586
2022-05-31T21:02:58.670494-07:00,appendEntries,0.028721094131469727
2022-05-31T21:02:58.698947-07:00,appendEntries,0.02835679054260254
2022-05-31T21:02:58.727532-07:00,appendEntries,0.028482675552368164
2022-05-31T21:02:58.757379-07:00,appendEntries,0.02972698211669922
2022-05-31T21:02:58.786856-07:00,appendEntries,0.029354095458984375
2022-05-31T21:02:58.794233-07:00, add membership,135.321
2022-05-31T21:02:58.815888-07:00,appendEntries,0.02892017364501953
2022-05-31T21:02:58.845148-07:00,appendEntries,0.029180288314819336
2022-05-31T21:02:58.874238-07:00,appendEntries,0.028970956802368164
2022-05-31T21:02:58.903036-07:00,appendEntries,0.028730154037475586
2022-05-31T21:02:58.931734-07:00,appendEntries,0.028633832931518555
2022-05-31T21:02:58.960634-07:00,appendEntries,0.02883601188659668
2022-05-31T21:02:58.989281-07:00,appendEntries,0.028572797775268555
2022-05-31T21:02:59.017981-07:00,appendEntries,0.028631210327148438
2022-05-31T21:02:59.047325-07:00,appendEntries,0.02926802635192871
2022-05-31T21:02:59.076802-07:00,appendEntries,0.02934098243713379
2022-05-31T21:02:59.105669-07:00,appendEntries,0.028802156448364258
2022-05-31T21:02:59.134338-07:00,appendEntries,0.028600215911865234
2022-05-31T21:02:59.163017-07:00,appendEntries,0.028614044189453125
2022-05-31T21:02:59.191474-07:00,appendEntries,0.02839803695678711
2022-05-31T21:02:59.220084-07:00,appendEntries,0.02855396270751953
2022-05-31T21:02:59.248878-07:00,appendEntries,0.028731822967529297
2022-05-31T21:02:59.279911-07:00,appendEntries,0.030961036682128906
2022-05-31T21:02:59.309363-07:00,appendEntries,0.02931499481201172
2022-05-31T21:02:59.339280-07:00,appendEntries,0.029780149459838867
2022-05-31T21:02:59.370628-07:00,appendEntries,0.031063079833984375
2022-05-31T21:02:59.400156-07:00,appendEntries,0.02938222885131836
2022-05-31T21:02:59.429151-07:00,appendEntries,0.028907060623168945
2022-05-31T21:02:59.458590-07:00,appendEntries,0.029319286346435547
2022-05-31T21:02:59.487520-07:00,appendEntries,0.028821945190429688
2022-05-31T21:02:59.516328-07:00,appendEntries,0.0287320613861084
2022-05-31T21:02:59.545045-07:00,appendEntries,0.028663158416748047
2022-05-31T21:02:59.573435-07:00,appendEntries,0.02834296226501465
2022-05-31T21:02:59.601877-07:00,appendEntries,0.028401851654052734
2022-05-31T21:02:59.630531-07:00,appendEntries,0.028610944747924805
2022-05-31T21:02:59.659195-07:00,appendEntries,0.028612136840820312
2022-05-31T21:02:59.687733-07:00,appendEntries,0.028476953506469727
2022-05-31T21:02:59.716312-07:00,appendEntries,0.028522968292236328
2022-05-31T21:02:59.745038-07:00,appendEntries,0.028657913208007812
2022-05-31T21:02:59.774013-07:00,appendEntries,0.028898954391479492
2022-05-31T21:02:59.803298-07:00,appendEntries,0.029188871383666992
2022-05-31T21:02:59.832455-07:00,appendEntries,0.029074907302856445
2022-05-31T21:02:59.861756-07:00,appendEntries,0.029224157333374023
2022-05-31T21:02:59.890852-07:00,appendEntries,0.028981924057006836
2022-05-31T21:02:59.919567-07:00,appendEntries,0.028638124465942383
2022-05-31T21:02:59.944485-07:00, add membership,139.982
2022-05-31T21:02:59.948489-07:00,appendEntries,0.02874588966369629
2022-05-31T21:02:59.978238-07:00,appendEntries,0.02957320213317871
2022-05-31T21:03:00.013210-07:00,appendEntries,0.034853219985961914
2022-05-31T21:03:00.042873-07:00,appendEntries,0.029558897018432617
2022-05-31T21:03:00.071872-07:00,appendEntries,0.028883934020996094
2022-05-31T21:03:00.101080-07:00,appendEntries,0.029109954833984375
2022-05-31T21:03:00.130487-07:00,appendEntries,0.02929091453552246
2022-05-31T21:03:00.159803-07:00,appendEntries,0.029204130172729492
2022-05-31T21:03:00.189145-07:00,appendEntries,0.029218196868896484
2022-05-31T21:03:00.218046-07:00,appendEntries,0.028786182403564453
2022-05-31T21:03:00.247263-07:00,appendEntries,0.02911829948425293
2022-05-31T21:03:00.276643-07:00,appendEntries,0.029258012771606445
2022-05-31T21:03:00.306527-07:00,appendEntries,0.029748916625976562
2022-05-31T21:03:00.335715-07:00,appendEntries,0.029072999954223633
2022-05-31T21:03:00.365162-07:00,appendEntries,0.02932286262512207
2022-05-31T21:03:00.394407-07:00,appendEntries,0.0291292667388916
2022-05-31T21:03:00.423893-07:00,appendEntries,0.029388904571533203
2022-05-31T21:03:00.453556-07:00,appendEntries,0.029540300369262695
2022-05-31T21:03:00.483123-07:00,appendEntries,0.029458045959472656
2022-05-31T21:03:00.512527-07:00,appendEntries,0.029268980026245117
2022-05-31T21:03:00.543253-07:00,appendEntries,0.030605077743530273
2022-05-31T21:03:00.572868-07:00,appendEntries,0.029462814331054688
2022-05-31T21:03:00.601898-07:00,appendEntries,0.02891993522644043
2022-05-31T21:03:00.630978-07:00,appendEntries,0.028966903686523438
2022-05-31T21:03:00.662742-07:00,appendEntries,0.03164196014404297
2022-05-31T21:03:00.692146-07:00,appendEntries,0.029291868209838867
2022-05-31T21:03:00.721204-07:00,appendEntries,0.028943300247192383
2022-05-31T21:03:00.750738-07:00,appendEntries,0.029412031173706055
2022-05-31T21:03:00.779870-07:00,appendEntries,0.029009342193603516
2022-05-31T21:03:00.809191-07:00,appendEntries,0.029209136962890625
2022-05-31T21:03:00.838209-07:00,appendEntries,0.028928041458129883
2022-05-31T21:03:00.867374-07:00,appendEntries,0.02904200553894043
2022-05-31T21:03:00.897475-07:00,appendEntries,0.029939889907836914
2022-05-31T21:03:00.927010-07:00,appendEntries,0.02943897247314453
2022-05-31T21:03:00.956302-07:00,appendEntries,0.029170989990234375
2022-05-31T21:03:00.985655-07:00,appendEntries,0.029230833053588867
2022-05-31T21:03:01.016124-07:00,appendEntries,0.030353069305419922
2022-05-31T21:03:01.045767-07:00,appendEntries,0.029493093490600586
2022-05-31T21:03:01.075165-07:00,appendEntries,0.029273033142089844
2022-05-31T21:03:01.104566-07:00,appendEntries,0.029283761978149414
2022-05-31T21:03:01.134347-07:00,appendEntries,0.029670000076293945
2022-05-31T21:03:01.163548-07:00,appendEntries,0.029095888137817383
2022-05-31T21:03:01.192813-07:00,appendEntries,0.02915501594543457
2022-05-31T21:03:01.222128-07:00,appendEntries,0.029201984405517578
2022-05-31T21:03:01.251629-07:00,appendEntries,0.029379844665527344
2022-05-31T21:03:01.281272-07:00,appendEntries,0.0295407772064209
2022-05-31T21:03:01.310670-07:00,appendEntries,0.02930307388305664
2022-05-31T21:03:01.341190-07:00,appendEntries,0.029806137084960938
2022-05-31T21:03:01.371157-07:00,appendEntries,0.02983880043029785
2022-05-31T21:03:01.400277-07:00,appendEntries,0.029004812240600586
2022-05-31T21:03:01.429130-07:00,appendEntries,0.028760910034179688
2022-05-31T21:03:01.458172-07:00,appendEntries,0.02899622917175293
2022-05-31T21:03:01.488420-07:00,appendEntries,0.029317855834960938
2022-05-31T21:03:01.517374-07:00,appendEntries,0.028862953186035156
2022-05-31T21:03:01.546446-07:00,appendEntries,0.02902984619140625
2022-05-31T21:03:01.575583-07:00,appendEntries,0.029042959213256836
2022-05-31T21:03:01.604722-07:00,appendEntries,0.029088973999023438
2022-05-31T21:03:01.633931-07:00,appendEntries,0.029086828231811523
2022-05-31T21:03:01.663168-07:00,appendEntries,0.029150962829589844
2022-05-31T21:03:01.692353-07:00,appendEntries,0.029085874557495117
2022-05-31T21:03:01.722471-07:00,appendEntries,0.029909133911132812
2022-05-31T21:03:01.751755-07:00,appendEntries,0.02919292449951172
2022-05-31T21:03:01.780640-07:00,appendEntries,0.028796911239624023
2022-05-31T21:03:01.809700-07:00,appendEntries,0.02897787094116211
2022-05-31T21:03:01.838581-07:00,appendEntries,0.028810977935791016
2022-05-31T21:03:01.867999-07:00,appendEntries,0.02933478355407715
2022-05-31T21:03:01.896931-07:00,appendEntries,0.028846263885498047
2022-05-31T21:03:01.925912-07:00,appendEntries,0.028911113739013672
2022-05-31T21:03:01.954888-07:00,appendEntries,0.02890801429748535
2022-05-31T21:03:01.983718-07:00,appendEntries,0.02875804901123047
2022-05-31T21:03:02.012734-07:00,appendEntries,0.02895188331604004
2022-05-31T21:03:02.041938-07:00,appendEntries,0.029139280319213867
2022-05-31T21:03:02.070913-07:00,appendEntries,0.0288851261138916
2022-05-31T21:03:02.099692-07:00,appendEntries,0.028707027435302734
2022-05-31T21:03:02.128485-07:00,appendEntries,0.02872490882873535
2022-05-31T21:03:02.157381-07:00,appendEntries,0.028847217559814453
2022-05-31T21:03:02.185978-07:00,appendEntries,0.028544902801513672
2022-05-31T21:03:02.214665-07:00,appendEntries,0.028636932373046875
2022-05-31T21:03:02.243392-07:00,appendEntries,0.02866673469543457
2022-05-31T21:03:02.272185-07:00,appendEntries,0.028743743896484375
2022-05-31T21:03:02.300868-07:00,appendEntries,0.028625965118408203
2022-05-31T21:03:02.329672-07:00,appendEntries,0.028750896453857422
2022-05-31T21:03:02.358483-07:00,appendEntries,0.028755903244018555
2022-05-31T21:03:02.387089-07:00,appendEntries,0.028551101684570312
2022-05-31T21:03:02.415863-07:00,appendEntries,0.028720855712890625
2022-05-31T21:03:02.445082-07:00,appendEntries,0.029162883758544922
2022-05-31T21:03:02.474815-07:00,appendEntries,0.02967667579650879
2022-05-31T21:03:02.504078-07:00,appendEntries,0.029202938079833984
2022-05-31T21:03:02.532768-07:00,appendEntries,0.028632640838623047
2022-05-31T21:03:02.561846-07:00,appendEntries,0.029018878936767578
2022-05-31T21:03:02.590696-07:00,appendEntries,0.028788089752197266
2022-05-31T21:03:02.619535-07:00,appendEntries,0.02877211570739746
2022-05-31T21:03:02.648854-07:00,appendEntries,0.02924799919128418
2022-05-31T21:03:02.677802-07:00,appendEntries,0.02890300750732422
2022-05-31T21:03:02.706974-07:00,appendEntries,0.029098033905029297
2022-05-31T21:03:02.736222-07:00,appendEntries,0.029146194458007812
2022-05-31T21:03:02.765854-07:00,appendEntries,0.029534339904785156
